X,Y,Geochemical_PC1,Geochemical_PC2,Geochemical_PC3,Geochemical_PC4,Geochemical_PC5,Geochemical_PC6,Geochemical_PC7
139.5381077,-29.88229296,3.880564769,10.79315525,-3.919005608,4.19285458,-2.214406868,5.564636898,-2.933516307
139.6474649,-30.00383199,4.490438427,-0.679467343,3.125742634,-0.705841269,-2.755150146,-3.646481989,1.444115394
139.3628149,-30.203943,-0.785287909,0.089698199,-0.040876285,0.683050746,-0.05960396,0.10324608,-0.195203978
139.34856,-30.22373001,-0.917384669,2.735945526,-2.122355873,-1.614181009,0.282719172,-0.924266302,0.479500254
139.7008178,-29.94309998,5.828627445,-4.251273738,-0.585449154,0.230763614,0.25920584,-0.878007296,-0.322835201
139.462242,-30.13565303,1.22537614,6.808805866,0.295179562,-4.46646996,-2.303149273,1.509434494,-3.343728192
139.5737097,-29.90327496,4.502875733,-0.04219015,-4.262136047,3.628208758,-3.513045578,0.395347422,1.61053067
139.354636,-30.26119468,-2.953925422,8.599140954,-1.654850449,-1.19977754,-1.343950134,-1.868512456,7.741266518
139.3445439,-30.25175829,-1.13833904,2.954558927,-0.774923885,-4.125884276,-0.037537614,2.444625984,3.066093718
139.354636,-30.25175829,-2.208363382,5.865166867,-0.272978637,0.754702083,0.700480675,-2.924304524,7.841025781
139.364728,-30.25175829,-2.058077241,5.273221642,-0.03502175,1.117539988,1.051926952,-3.122433578,7.774303969
139.3344519,-30.2423219,-0.262198296,-3.314351239,2.004625381,-4.002136496,1.387748032,3.590776703,-0.551586513
139.3445439,-30.2423219,0.509878487,-1.633819385,1.904562239,-3.127400865,1.823602263,1.782581933,-0.209708323
139.354636,-30.2423219,0.49964589,5.340284183,-1.013961435,-0.410687108,0.26388798,-3.782313163,-0.300209034
139.364728,-30.2423219,0.622942772,5.101975975,-1.332615195,-0.947719102,1.00274269,-3.572741583,0.366143402
139.37482,-30.2423219,-0.785287909,0.089698199,-0.040876285,0.683050746,-0.05960396,0.10324608,-0.195203978
139.3344519,-30.23288551,-1.445725408,3.466656891,-2.261230324,-0.509288571,0.326199654,0.087674482,1.041462535
139.3445439,-30.23288551,-1.196101184,3.511718285,1.781321867,-1.558865872,0.490726352,-0.945904105,1.521418034
139.354636,-30.23288551,0.094711524,5.315112349,-0.387355139,0.223317689,-0.647458999,-3.639983489,-0.808291228
139.364728,-30.23288551,-0.118055257,4.090088006,-0.547991097,-0.020329178,0.293327995,-3.323905136,1.119758791
139.37482,-30.23288551,-2.553545826,-0.618750156,2.19392557,2.227220339,-0.08593465,-2.914445577,1.260679378
139.3849121,-30.23288551,-1.327216239,-4.428416715,2.835277916,1.890066889,-0.022582887,-2.771027034,-1.120106519
139.3950041,-30.23288551,-1.900010775,-4.201378191,3.972727983,1.635440177,-0.02959912,-3.018977898,-1.478717487
139.3243599,-30.22344912,-1.921414888,7.427188946,-6.414838906,3.133630137,1.641171544,-1.264475888,2.061790072
139.3344519,-30.22344912,-1.633283477,4.504908062,-3.624540023,-0.372736629,0.156427646,-0.425155004,1.222989459
139.3445439,-30.22344912,-1.023357456,1.675379845,-3.16163333,-2.32665094,0.412596872,-0.454715457,0.437171689
139.354636,-30.22344912,-0.907429333,2.395867943,-0.232114281,-0.402607384,0.687389897,-2.399060123,1.41287155
139.364728,-30.22344912,-5.567527594,-1.464541128,4.783528944,2.028043528,-0.293940977,-4.612871498,6.279568109
139.37482,-30.22344912,-1.896967068,-1.098045499,2.553015094,0.654906603,1.418222575,-3.026792393,3.23897247
139.3849121,-30.22344912,0.404408838,-5.783467982,0.92842961,3.020931004,-0.441084367,-2.538626783,-1.39141842
139.3950041,-30.22344912,-0.216777442,-5.22391906,1.438349127,2.501590273,-0.208519205,-2.567947423,-1.121054387
139.4050961,-30.22344912,-0.785287909,0.089698199,-0.040876285,0.683050746,-0.05960396,0.10324608,-0.195203978
139.3142679,-30.21401273,-0.785287909,0.089698199,-0.040876285,0.683050746,-0.05960396,0.10324608,-0.195203978
139.3243599,-30.21401273,-0.785287909,0.089698199,-0.040876285,0.683050746,-0.05960396,0.10324608,-0.195203978
139.3344519,-30.21401273,-1.402742797,2.929458298,-3.844424991,-1.643445504,-0.114865506,-0.489834206,0.634753255
139.3445439,-30.21401273,-0.989499743,0.699550486,-3.24011228,-2.625512898,0.446021926,-0.481320363,0.3843476
139.354636,-30.21401273,-3.017141484,-0.320747803,0.762160675,-1.276407458,2.614184577,-0.882605823,3.291724193
139.364728,-30.21401273,-2.128123789,0.767709258,2.843995848,-1.601447916,3.375152883,-4.480215339,5.514807112
139.37482,-30.21401273,-1.513767501,-1.032801898,2.4532643,0.142760603,1.914514835,-3.129524266,3.407453354
139.3849121,-30.21401273,1.353095171,-6.723441414,0.469046172,4.260399492,-1.100534484,-2.566943314,-2.174698974
139.3950041,-30.21401273,1.86305431,-7.217920585,0.428630989,5.368499926,-1.767327819,-2.632176116,-2.875444126
139.4050961,-30.21401273,-0.785287909,0.089698199,-0.040876285,0.683050746,-0.05960396,0.10324608,-0.195203978
139.3041758,-30.20457634,-0.785287909,0.089698199,-0.040876285,0.683050746,-0.05960396,0.10324608,-0.195203978
139.3142679,-30.20457634,-0.785287909,0.089698199,-0.040876285,0.683050746,-0.05960396,0.10324608,-0.195203978
139.3243599,-30.20457634,-0.785287909,0.089698199,-0.040876285,0.683050746,-0.05960396,0.10324608,-0.195203978
139.3344519,-30.20457634,-0.785287909,0.089698199,-0.040876285,0.683050746,-0.05960396,0.10324608,-0.195203978
139.3445439,-30.20457634,-0.785287909,0.089698199,-0.040876285,0.683050746,-0.05960396,0.10324608,-0.195203978
139.354636,-30.20457634,-0.785287909,0.089698199,-0.040876285,0.683050746,-0.05960396,0.10324608,-0.195203978
139.364728,-30.20457634,-2.222663602,0.724938305,2.589248963,-2.162584328,4.87625163,-3.972227202,4.958574439
139.37482,-30.20457634,-0.785287909,0.089698199,-0.040876285,0.683050746,-0.05960396,0.10324608,-0.195203978
139.3849121,-30.20457634,-0.785287909,0.089698199,-0.040876285,0.683050746,-0.05960396,0.10324608,-0.195203978
139.3950041,-30.20457634,-0.785287909,0.089698199,-0.040876285,0.683050746,-0.05960396,0.10324608,-0.195203978
139.4050961,-30.20457634,-0.785287909,0.089698199,-0.040876285,0.683050746,-0.05960396,0.10324608,-0.195203978
139.4151881,-30.20457634,-0.785287909,0.089698199,-0.040876285,0.683050746,-0.05960396,0.10324608,-0.195203978
139.4252802,-30.20457634,-0.785287909,0.089698199,-0.040876285,0.683050746,-0.05960396,0.10324608,-0.195203978
139.3041758,-30.19513994,-1.942552851,-5.919641933,19.97581123,-0.604718283,8.803390381,-3.302183222,4.901396159
139.3142679,-30.19513994,-2.460113251,-6.070527644,20.21666059,-0.36435603,8.794531247,-3.40086462,4.972695808
139.3243599,-30.19513994,-0.785287909,0.089698199,-0.040876285,0.683050746,-0.05960396,0.10324608,-0.195203978
139.3344519,-30.19513994,-0.785287909,0.089698199,-0.040876285,0.683050746,-0.05960396,0.10324608,-0.195203978
139.3445439,-30.19513994,-0.785287909,0.089698199,-0.040876285,0.683050746,-0.05960396,0.10324608,-0.195203978
139.354636,-30.19513994,-0.804718482,-3.193189548,2.021370785,0.77839817,-1.711312842,1.592756541,4.596984896
139.364728,-30.19513994,1.094237673,-7.196253579,0.58113131,1.983542791,-1.652849919,-0.41816638,4.061804136
139.37482,-30.19513994,1.637549288,-6.511952739,4.103031764,2.070723529,-0.955284126,-5.59161364,2.945234411
139.3849121,-30.19513994,-0.785287909,0.089698199,-0.040876285,0.683050746,-0.05960396,0.10324608,-0.195203978
139.3950041,-30.19513994,-0.785287909,0.089698199,-0.040876285,0.683050746,-0.05960396,0.10324608,-0.195203978
139.4050961,-30.19513994,-0.785287909,0.089698199,-0.040876285,0.683050746,-0.05960396,0.10324608,-0.195203978
139.4151881,-30.19513994,-2.25323505,8.997903586,-5.033278549,2.461793604,3.026526264,-2.378871918,-4.804208725
139.4252802,-30.19513994,-2.25323505,8.997903586,-5.033278549,2.461793604,3.026526264,-2.378871918,-4.804208725
139.4353722,-30.19513994,-0.785287909,0.089698199,-0.040876285,0.683050746,-0.05960396,0.10324608,-0.195203978
139.2940838,-30.18570355,-0.438698308,-2.624290324,2.139114402,2.842981982,1.477935474,-3.376174836,1.973498777
139.3041758,-30.18570355,-2.090516306,-5.605150459,12.09263553,1.452870984,7.682868236,-2.281840328,2.918563331
139.3142679,-30.18570355,-3.161368417,-5.956093673,11.69307666,2.774850693,7.407971512,-2.012816944,2.350313275
139.3243599,-30.18570355,-4.701801363,-6.500295276,21.15993298,0.96555801,8.622625615,-3.741443923,4.946566974
139.3344519,-30.18570355,-0.785287909,0.089698199,-0.040876285,0.683050746,-0.05960396,0.10324608,-0.195203978
139.3445439,-30.18570355,-1.521546121,0.859079756,5.953872026,0.396262108,-2.325809111,-0.044165259,5.142163065
139.354636,-30.18570355,-1.366367015,-1.341660304,3.034118063,0.402624605,-1.839994133,1.85099352,4.817353964
139.364728,-30.18570355,1.786510703,-6.416103298,3.05213631,1.96224121,-1.530793165,-3.259573984,3.390773488
139.37482,-30.18570355,1.244590741,-7.128386113,0.897105684,2.021342561,-1.633452363,-0.828483144,3.985714668
139.3849121,-30.18570355,-0.785287909,0.089698199,-0.040876285,0.683050746,-0.05960396,0.10324608,-0.195203978
139.3950041,-30.18570355,-0.785287909,0.089698199,-0.040876285,0.683050746,-0.05960396,0.10324608,-0.195203978
139.4050961,-30.18570355,0.181647232,2.473047255,-5.446897178,1.862333797,2.273393969,-1.350912966,1.475045223
139.4151881,-30.18570355,-2.272384448,6.471044047,-4.924222288,1.64728765,2.926432695,-0.96925114,-1.978902801
139.4252802,-30.18570355,-2.25323505,8.997903586,-5.033278549,2.461793604,3.026526264,-2.378871918,-4.804208725
139.4353722,-30.18570355,-1.074307431,4.924888424,0.568663222,-0.991056247,4.201598534,0.689344975,-0.192911734
139.4454642,-30.18570355,-0.810567312,2.876892985,3.718477642,-2.894089983,2.134210206,4.16293838,2.018339633
139.4555563,-30.18570355,-0.810567312,2.876892985,3.718477642,-2.894089983,2.134210206,4.16293838,2.018339633
139.2839918,-30.17626716,0.017716772,-1.277638856,-2.485808709,3.31950473,-1.964382874,-3.046571528,2.522058789
139.2940838,-30.17626716,-0.138027107,-1.717265213,-0.980443944,3.031025128,-0.764411985,-3.134064428,2.188995041
139.3041758,-30.17626716,-2.642018548,-4.503340276,5.002137996,2.263301649,5.475477672,-1.433558254,2.042107951
139.3142679,-30.17626716,-3.07344916,-2.970446611,0.225553314,1.719388985,2.520916796,0.727545465,1.581224573
139.3243599,-30.17626716,-3.159138878,-1.654363071,-2.650022241,0.367603047,-0.599024544,2.685468425,1.888343552
139.3344519,-30.17626716,-0.785287909,0.089698199,-0.040876285,0.683050746,-0.05960396,0.10324608,-0.195203978
139.3445439,-30.17626716,-1.521546121,0.859079756,5.953872026,0.396262108,-2.325809111,-0.044165259,5.142163065
139.354636,-30.17626716,-1.55029723,-1.226168868,2.697293617,0.31426732,-1.846296669,2.27750051,4.958192898
139.364728,-30.17626716,-0.814326821,-3.76444515,1.279353172,0.836933309,-1.711683039,1.965662161,4.711037224
139.37482,-30.17626716,1.637549288,-6.511952739,4.103031764,2.070723529,-0.955284126,-5.59161364,2.945234411
139.3849121,-30.17626716,-0.785287909,0.089698199,-0.040876285,0.683050746,-0.05960396,0.10324608,-0.195203978
139.3950041,-30.17626716,0.379652692,3.936508097,-5.291893935,0.48999883,3.36760171,-1.426114865,0.691017386
139.4050961,-30.17626716,0.00424532,2.5137131,-4.717670745,0.95545024,0.950618436,-0.70536668,1.096648136
139.4151881,-30.17626716,-0.317842955,4.762002394,-4.343412583,-0.963485793,0.364704859,-0.359073381,0.386655202
139.4252802,-30.17626716,-1.902045738,7.022919742,-3.967248118,-1.368613738,2.28017693,0.064754743,-0.272197722
139.4353722,-30.17626716,0.090368923,2.890497227,2.879763264,-3.848305144,2.53130609,3.460918117,2.336875459
139.4454642,-30.17626716,-0.792476131,2.874457388,3.690178068,-2.908853147,2.151883464,4.139253464,2.032233471
139.4555563,-30.17626716,0.702307262,2.768381266,2.761900601,-4.563111241,2.657121934,3.006667647,2.312610997
139.4656483,-30.17626716,-0.785287909,0.089698199,-0.040876285,0.683050746,-0.05960396,0.10324608,-0.195203978
139.2839918,-30.16683077,0.017716772,-1.277638856,-2.485808709,3.31950473,-1.964382874,-3.046571528,2.522058789
139.2940838,-30.16683077,0.017716772,-1.277638856,-2.485808709,3.31950473,-1.964382874,-3.046571528,2.522058789
139.3041758,-30.16683077,-3.089544676,-3.244022919,0.677803052,1.131744907,3.60989444,-0.251068236,2.687064162
139.3142679,-30.16683077,-3.091926846,-2.972245147,9.79E-05,1.06005532,2.935421121,0.226459598,2.499551586
139.3243599,-30.16683077,-0.785287909,0.089698199,-0.040876285,0.683050746,-0.05960396,0.10324608,-0.195203978
139.3344519,-30.16683077,-0.785287909,0.089698199,-0.040876285,0.683050746,-0.05960396,0.10324608,-0.195203978
139.3445439,-30.16683077,-0.785287909,0.089698199,-0.040876285,0.683050746,-0.05960396,0.10324608,-0.195203978
139.354636,-30.16683077,-0.785287909,0.089698199,-0.040876285,0.683050746,-0.05960396,0.10324608,-0.195203978
139.364728,-30.16683077,-0.785287909,0.089698199,-0.040876285,0.683050746,-0.05960396,0.10324608,-0.195203978
139.37482,-30.16683077,-0.785287909,0.089698199,-0.040876285,0.683050746,-0.05960396,0.10324608,-0.195203978
139.3849121,-30.16683077,-0.785287909,0.089698199,-0.040876285,0.683050746,-0.05960396,0.10324608,-0.195203978
139.3950041,-30.16683077,0.40603911,3.751410112,-4.784588734,0.197524375,2.525490058,-1.326603966,0.532801022
139.4050961,-30.16683077,0.004277583,4.45178533,-4.628141809,-0.570016837,2.041725057,-1.329874754,0.421473711
139.4151881,-30.16683077,-0.541091383,6.209350155,-3.68192509,-2.447170334,-0.900263031,-0.039144381,-0.037824651
139.4252802,-30.16683077,0.054146023,6.357563001,-3.650138547,-3.273927907,-0.678699656,0.014308878,-0.052201686
139.4353722,-30.16683077,0.831035349,1.893232962,0.673148581,-3.319268446,2.403093944,-0.821945613,1.811428374
139.4454642,-30.16683077,1.088186345,0.528456221,2.641176646,-3.727137839,2.989190888,-0.860053804,2.77762263
139.4555563,-30.16683077,1.061472724,1.381422398,2.754715246,-4.282954387,2.931127494,0.496853567,2.484928935
139.4656483,-30.16683077,-0.785287909,0.089698199,-0.040876285,0.683050746,-0.05960396,0.10324608,-0.195203978
139.2738998,-30.15739438,-0.785287909,0.089698199,-0.040876285,0.683050746,-0.05960396,0.10324608,-0.195203978
139.2839918,-30.15739438,-0.785287909,0.089698199,-0.040876285,0.683050746,-0.05960396,0.10324608,-0.195203978
139.2940838,-30.15739438,-2.829629725,12.72022282,-3.306778065,2.740566119,-6.952139722,7.91685404,-3.739852555
139.3041758,-30.15739438,-2.829629725,12.72022282,-3.306778065,2.740566119,-6.952139722,7.91685404,-3.739852555
139.3142679,-30.15739438,-0.785287909,0.089698199,-0.040876285,0.683050746,-0.05960396,0.10324608,-0.195203978
139.3243599,-30.15739438,-0.785287909,0.089698199,-0.040876285,0.683050746,-0.05960396,0.10324608,-0.195203978
139.3344519,-30.15739438,-0.785287909,0.089698199,-0.040876285,0.683050746,-0.05960396,0.10324608,-0.195203978
139.3849121,-30.15739438,-0.785287909,0.089698199,-0.040876285,0.683050746,-0.05960396,0.10324608,-0.195203978
139.3950041,-30.15739438,0.235242548,8.775362945,-9.51186124,-6.660683059,9.765151065,1.556835646,-2.458173898
139.4050961,-30.15739438,0.393169055,5.663810103,-5.824405794,-3.230681894,2.533149153,-1.458688778,-0.276939905
139.4151881,-30.15739438,1.002168045,5.13792685,-4.606136812,-1.635750004,-0.224685787,-3.115644874,0.020624648
139.4252802,-30.15739438,0.756933813,5.529852855,-4.841684007,-2.724936809,-0.597174503,-1.24624915,0.326158588
139.4353722,-30.15739438,1.022334233,1.648998473,-0.234138939,-2.92310882,2.08197275,-1.981380233,1.885492458
139.4454642,-30.15739438,1.485809008,-0.92384714,1.982537034,-2.331880559,3.045020217,-3.486003888,3.572754671
139.4555563,-30.15739438,2.413643581,2.64243961,0.227559213,-3.357976562,0.26046466,-0.194575765,1.243612192
139.4656483,-30.15739438,2.115553306,5.523842185,0.843053505,-1.136003133,-4.509171815,1.545850773,-0.483847267
139.2839918,-30.14795799,-0.785287909,0.089698199,-0.040876285,0.683050746,-0.05960396,0.10324608,-0.195203978
139.2940838,-30.14795799,-2.829629725,12.72022282,-3.306778065,2.740566119,-6.952139722,7.91685404,-3.739852555
139.3041758,-30.14795799,-2.829629725,12.72022282,-3.306778065,2.740566119,-6.952139722,7.91685404,-3.739852555
139.3142679,-30.14795799,-2.829629725,12.72022282,-3.306778065,2.740566119,-6.952139722,7.91685404,-3.739852555
139.3243599,-30.14795799,-0.785287909,0.089698199,-0.040876285,0.683050746,-0.05960396,0.10324608,-0.195203978
139.3849121,-30.14795799,-0.785287909,0.089698199,-0.040876285,0.683050746,-0.05960396,0.10324608,-0.195203978
139.3950041,-30.14795799,-0.785287909,0.089698199,-0.040876285,0.683050746,-0.05960396,0.10324608,-0.195203978
139.4050961,-30.14795799,0.755320143,5.418727199,-5.637031849,-3.1293402,1.878115467,-2.203988542,-0.274220548
139.4151881,-30.14795799,1.137713958,4.858712398,-5.911270155,-2.710239831,1.126591128,-1.493540796,-0.272911868
139.4252802,-30.14795799,0.525529944,5.268678567,-5.403278717,-2.58591437,-0.880610764,-1.796149433,0.266311121
139.4353722,-30.14795799,0.023318232,5.098540622,-4.809183363,-2.583340102,0.615605693,-2.961526229,0.476788076
139.4454642,-30.14795799,3.344923196,4.260062857,-0.222446055,-3.445299925,0.573364864,-1.215402193,0.639242961
139.4555563,-30.14795799,2.657524908,5.720986547,-1.715553309,-3.176621997,-2.381170526,2.269615639,-1.636443773
139.4656483,-30.14795799,2.60344903,3.049003198,-0.063491036,-0.210611288,-2.948889923,-0.26546828,-1.225848197
139.2839918,-30.1385216,-0.785287909,0.089698199,-0.040876285,0.683050746,-0.05960396,0.10324608,-0.195203978
139.2940838,-30.1385216,-2.829629725,12.72022282,-3.306778065,2.740566119,-6.952139722,7.91685404,-3.739852555
139.3041758,-30.1385216,-2.829629725,12.72022282,-3.306778065,2.740566119,-6.952139722,7.91685404,-3.739852555
139.3142679,-30.1385216,-0.785287909,0.089698199,-0.040876285,0.683050746,-0.05960396,0.10324608,-0.195203978
139.3243599,-30.1385216,-0.785287909,0.089698199,-0.040876285,0.683050746,-0.05960396,0.10324608,-0.195203978
139.3849121,-30.1385216,-0.785287909,0.089698199,-0.040876285,0.683050746,-0.05960396,0.10324608,-0.195203978
139.3950041,-30.1385216,-0.785287909,0.089698199,-0.040876285,0.683050746,-0.05960396,0.10324608,-0.195203978
139.4050961,-30.1385216,-0.785287909,0.089698199,-0.040876285,0.683050746,-0.05960396,0.10324608,-0.195203978
139.4151881,-30.1385216,0.720721355,4.557778492,-4.897900977,-2.555099979,0.415492768,-1.875104311,0.083340227
139.4252802,-30.1385216,0.712515006,5.461519561,-5.006275419,-3.100026507,6.670318391,-1.68457154,0.534526494
139.4353722,-30.1385216,-0.009925139,4.480146854,-4.416884762,-2.64364151,2.071144511,-3.204479325,0.14486426
139.4454642,-30.1385216,1.976405899,7.370522481,-5.072813229,-3.789475297,1.676024774,2.574839672,-6.44365351
139.4555563,-30.1385216,3.723713612,5.180590631,-2.566930745,-3.387779321,-0.523099651,0.589056751,-3.642930564
139.4656483,-30.1385216,3.348962032,2.525719859,-1.326228835,-0.641873964,-1.351998346,-0.380981022,-1.51333068
139.2839918,-30.12908521,-0.785287909,0.089698199,-0.040876285,0.683050746,-0.05960396,0.10324608,-0.195203978
139.2940838,-30.12908521,-0.785287909,0.089698199,-0.040876285,0.683050746,-0.05960396,0.10324608,-0.195203978
139.3041758,-30.12908521,-0.785287909,0.089698199,-0.040876285,0.683050746,-0.05960396,0.10324608,-0.195203978
139.3142679,-30.12908521,-0.785287909,0.089698199,-0.040876285,0.683050746,-0.05960396,0.10324608,-0.195203978
139.3243599,-30.12908521,-0.785287909,0.089698199,-0.040876285,0.683050746,-0.05960396,0.10324608,-0.195203978
139.3950041,-30.12908521,-0.785287909,0.089698199,-0.040876285,0.683050746,-0.05960396,0.10324608,-0.195203978
139.4050961,-30.12908521,-0.785287909,0.089698199,-0.040876285,0.683050746,-0.05960396,0.10324608,-0.195203978
139.4151881,-30.12908521,1.200870845,4.924260678,-4.833269217,-2.853628791,8.090713491,-1.181268612,-1.513950222
139.4252802,-30.12908521,0.548665353,3.935774235,-3.760186629,-2.444225968,3.023901864,-2.225371294,-0.47100283
139.4353722,-30.12908521,0.12236041,4.071182116,-4.403577419,-2.730357214,5.778997819,-2.846283708,-0.441862991
139.4454642,-30.12908521,-3.192081271,10.48731487,-5.506192625,2.628516802,-0.209790856,5.508862063,-8.344635523
139.4555563,-30.12908521,1.212484235,3.260049741,-2.154588156,-2.142475272,-0.724921283,0.153359521,-2.869654912
139.4656483,-30.12908521,1.464964552,2.669113966,-2.36735922,-1.219834217,-2.021765169,-0.837061102,1.536321418
139.4050961,-30.11964882,-0.785287909,0.089698199,-0.040876285,0.683050746,-0.05960396,0.10324608,-0.195203978
139.4151881,-30.11964882,-0.785287909,0.089698199,-0.040876285,0.683050746,-0.05960396,0.10324608,-0.195203978
139.4252802,-30.11964882,-0.785287909,0.089698199,-0.040876285,0.683050746,-0.05960396,0.10324608,-0.195203978
139.4353722,-30.11964882,-0.785287909,0.089698199,-0.040876285,0.683050746,-0.05960396,0.10324608,-0.195203978
139.4454642,-30.11964882,-0.785287909,0.089698199,-0.040876285,0.683050746,-0.05960396,0.10324608,-0.195203978
139.4555563,-30.11964882,1.572443017,0.657448218,-1.44629866,-1.567852915,-2.645027679,-1.714034587,-0.624942149
139.4656483,-30.11964882,2.207444823,2.199890826,-0.762807483,-1.77228544,-3.183166883,-2.643141913,1.086900807
139.4353722,-30.11021243,-0.785287909,0.089698199,-0.040876285,0.683050746,-0.05960396,0.10324608,-0.195203978
139.4454642,-30.11021243,-0.785287909,0.089698199,-0.040876285,0.683050746,-0.05960396,0.10324608,-0.195203978
139.4555563,-30.11021243,-0.785287909,0.089698199,-0.040876285,0.683050746,-0.05960396,0.10324608,-0.195203978
139.4656483,-30.11021243,3.4993846,4.58222052,0.179443306,-1.799881017,-3.595694449,-3.207558976,1.601379559
139.4353722,-30.10077604,-0.785287909,0.089698199,-0.040876285,0.683050746,-0.05960396,0.10324608,-0.195203978
139.4454642,-30.10077604,-0.785287909,0.089698199,-0.040876285,0.683050746,-0.05960396,0.10324608,-0.195203978
139.4555563,-30.10077604,6.322437303,10.78185224,1.124703065,-11.22102131,2.483202864,6.082028915,3.178149453
139.4656483,-30.10077604,5.724912084,9.380954746,1.871669466,-10.55392526,2.446341027,7.078556716,3.671364148
139.4353722,-30.09133965,-0.785287909,0.089698199,-0.040876285,0.683050746,-0.05960396,0.10324608,-0.195203978
139.4454642,-30.09133965,8.162100115,13.85092497,0.041991257,-10.749611,2.299832781,5.249835305,1.467894603
139.4555563,-30.09133965,6.593270661,10.78128488,1.09267196,-10.9479869,2.403183449,6.172648406,3.045008517
139.4656483,-30.09133965,4.630170277,7.470346791,3.09387738,-9.54692966,2.45487172,8.405424923,4.3288633
139.4353722,-30.08190326,-0.785287909,0.089698199,-0.040876285,0.683050746,-0.05960396,0.10324608,-0.195203978
139.4454642,-30.08190326,-0.785287909,0.089698199,-0.040876285,0.683050746,-0.05960396,0.10324608,-0.195203978
139.4555563,-30.08190326,6.115035231,10.57474857,1.259474003,-11.22931405,2.506821212,6.238110047,3.333893031
139.4656483,-30.08190326,5.466024419,8.379499653,2.475406993,-9.706537444,2.371055671,7.835277005,3.913325555
139.4353722,-30.07246687,-0.785287909,0.089698199,-0.040876285,0.683050746,-0.05960396,0.10324608,-0.195203978
139.4454642,-30.07246687,-0.785287909,0.089698199,-0.040876285,0.683050746,-0.05960396,0.10324608,-0.195203978
139.4555563,-30.07246687,-0.785287909,0.089698199,-0.040876285,0.683050746,-0.05960396,0.10324608,-0.195203978
139.4656483,-30.07246687,-0.785287909,0.089698199,-0.040876285,0.683050746,-0.05960396,0.10324608,-0.195203978
139.4656483,-30.06303048,-0.785287909,0.089698199,-0.040876285,0.683050746,-0.05960396,0.10324608,-0.195203978
139.4757403,-30.16683077,-0.785287909,0.089698199,-0.040876285,0.683050746,-0.05960396,0.10324608,-0.195203978
139.4757403,-30.15739438,4.7920473,5.573835785,2.738974291,6.30197944,-8.44259609,-2.484514902,1.645660668
139.4858323,-30.15739438,-0.785287909,0.089698199,-0.040876285,0.683050746,-0.05960396,0.10324608,-0.195203978
139.4757403,-30.14795799,2.7196506,2.496607746,-0.069647424,0.52888886,-3.033656024,-1.575839925,-0.255754323
139.4858323,-30.14795799,1.622080742,1.989465164,0.214537822,-0.208463606,-2.322354192,-3.671186233,-0.53606308
139.4959244,-30.14795799,-8.169250082,-1.763018498,4.051809199,2.107934953,-3.893117416,-2.05808252,-1.352257285
139.5060164,-30.14795799,-0.785287909,0.089698199,-0.040876285,0.683050746,-0.05960396,0.10324608,-0.195203978
139.4757403,-30.1385216,1.237350222,3.152513465,-0.412784372,-0.16940719,-1.235824178,-4.139539167,-0.64549355
139.4858323,-30.1385216,-0.835359794,-0.501678904,0.858818441,0.041790488,-2.350623046,-3.048681594,-1.261670281
139.4959244,-30.1385216,-1.33022293,-2.386972048,2.029220232,0.04883437,0.520298783,-3.721871379,1.265230507
139.5060164,-30.1385216,-0.785287909,0.089698199,-0.040876285,0.683050746,-0.05960396,0.10324608,-0.195203978
139.5161084,-30.1385216,-0.785287909,0.089698199,-0.040876285,0.683050746,-0.05960396,0.10324608,-0.195203978
139.4757403,-30.12908521,-3.125400984,2.331965156,-2.127456371,0.071109516,0.012335478,2.943883014,-2.198345816
139.4858323,-30.12908521,1.432869476,1.825696165,-1.881063849,-0.553920693,-0.845105782,-1.12085433,0.385746306
139.4959244,-30.12908521,1.485568139,0.714109753,-1.301834643,0.797506498,3.72582083,-3.058151577,4.132764142
139.5060164,-30.12908521,1.559225325,-0.912278329,-0.889971818,2.233719397,4.207003051,-4.523557614,5.695612076
139.5161084,-30.12908521,-0.785287909,0.089698199,-0.040876285,0.683050746,-0.05960396,0.10324608,-0.195203978
139.5262004,-30.12908521,-0.785287909,0.089698199,-0.040876285,0.683050746,-0.05960396,0.10324608,-0.195203978
139.4757403,-30.11964882,1.026456489,3.909932473,-1.809380498,-0.902359298,-2.36698858,-0.858956955,1.235602225
139.4858323,-30.11964882,2.190261545,5.177937041,-3.576908481,-0.700593711,-0.478862986,0.854581374,0.247346994
139.4959244,-30.11964882,1.664667462,0.652426916,-1.043251687,0.911782555,4.091584773,-3.88765538,4.381805345
139.5060164,-30.11964882,2.538661848,-2.563188117,-0.950377728,1.368873223,5.610849589,-5.42990961,5.089364966
139.5161084,-30.11964882,-0.785287909,0.089698199,-0.040876285,0.683050746,-0.05960396,0.10324608,-0.195203978
139.5262004,-30.11964882,-0.782943952,1.450828926,5.187501366,-6.470865539,-1.660472051,1.818948908,-1.035564621
139.5362925,-30.11964882,-0.782943952,1.450828926,5.187501366,-6.470865539,-1.660472051,1.818948908,-1.035564621
139.4757403,-30.11021243,1.062132847,4.354627653,-1.022754618,-1.903547412,-3.219052189,0.302765433,1.739036209
139.4858323,-30.11021243,1.162593929,5.654371806,-4.251510985,-0.506115354,2.770645696,1.910725939,1.239650032
139.4959244,-30.11021243,1.402141555,0.181445228,-1.794190048,0.747583717,5.866263468,-2.638017396,3.977800324
139.5060164,-30.11021243,2.615649085,-1.893534123,-1.170626387,1.029828985,5.968827444,-4.798824555,4.356595121
139.5161084,-30.11021243,0.27674796,1.053274371,3.875320884,-3.826527239,1.359180799,-0.869551831,0.744302988
139.5262004,-30.11021243,-0.78286605,1.693594144,4.849120853,-6.407823907,-1.660518579,1.91344023,-0.942732587
139.5362925,-30.11021243,-0.965887953,4.87198897,1.237260219,-4.482707791,-2.17364424,1.758133452,-0.035138441
139.5463845,-30.11021243,-1.546621989,6.297547284,-0.109204237,-3.424367891,-2.162114586,1.495458202,0.618964734
139.4757403,-30.10077604,0.599822906,2.903883972,6.898015043,-8.710062592,2.525617536,10.17066205,5.99774423
139.4858323,-30.10077604,-0.343224156,11.26122367,-6.537652901,0.523353794,2.178389211,3.6696955,-1.585946995
139.4959244,-30.10077604,1.639354081,10.99269605,-5.662242613,-0.330314894,2.394477075,2.315281944,-2.219356605
139.5060164,-30.10077604,1.183524988,2.161210665,-2.408712788,0.619128654,5.516465333,-1.770116634,3.174768293
139.5161084,-30.10077604,-0.782943952,1.450828926,5.187501366,-6.470865539,-1.660472051,1.818948908,-1.035564621
139.5262004,-30.10077604,-0.783698477,2.949960187,3.405070744,-4.760116555,-2.00139097,1.16312185,-0.022062354
139.5362925,-30.10077604,-0.716347092,3.959317235,1.752083206,-2.178631368,-2.702331649,-0.322948118,0.904819435
139.5463845,-30.10077604,-1.298946337,5.570777682,0.094394632,-3.290676334,-2.529329379,0.012280609,0.855170676
139.5564765,-30.10077604,-1.347076753,7.487782099,-1.42122912,-5.299442616,-2.972226903,0.397267043,0.255981467
139.5665686,-30.10077604,-2.509222545,6.367432912,2.497419112,-5.274744016,0.516565016,-1.29036558,1.12604773
139.4757403,-30.09133965,0.559399367,2.866930299,6.363475461,-9.884131843,2.75592443,9.539888189,5.832364776
139.4858323,-30.09133965,1.393287702,7.834530059,-5.493231821,-1.728550454,1.739344516,0.985676069,-1.853401748
139.4959244,-30.09133965,0.169824012,6.995141102,-3.489751709,-1.533670367,-0.330186564,2.983355958,0.455559212
139.5060164,-30.09133965,-0.761288526,5.738173169,-2.039948466,-1.431699217,-2.062008511,3.815864988,2.145747344
139.5161084,-30.09133965,-0.446208228,2.999501903,-2.900395927,-1.93642921,-4.092608284,2.554995117,3.728841483
139.5262004,-30.09133965,3.104407424,-2.777777175,-7.474869699,-1.06995624,-5.115173089,-1.142299421,4.089831135
139.5362925,-30.09133965,-0.237375335,-0.099458973,2.810433674,-0.72682243,-2.409591321,-2.093636834,2.090496147
139.5463845,-30.09133965,-0.840326991,-0.274691351,1.859595339,-1.329058625,-1.765127626,-1.797158528,2.313050021
139.5564765,-30.09133965,-1.51799572,6.319697938,-0.791393264,-4.566335924,-2.378643336,-0.129485419,0.633556477
139.5665686,-30.09133965,-1.853722644,4.735896084,2.927101988,-4.777427715,0.431518218,-1.370411865,0.666826086
139.5766606,-30.09133965,-1.487138421,-4.957832337,10.92291932,-3.210595785,3.512417913,-3.410851697,0.615027732
139.4757403,-30.08190326,1.789318858,1.952779129,-0.070799551,-4.622964301,-0.062413195,3.30289477,-0.169883391
139.4858323,-30.08190326,3.878572481,1.406070703,-2.946490081,-3.735453287,-1.372398901,-3.967325972,-2.704144037
139.4959244,-30.08190326,-0.086781892,4.714541758,-1.29238912,-2.365248345,-1.286056812,1.964956368,1.53447118
139.5060164,-30.08190326,-0.853667499,5.143891587,-2.982134504,-1.12796921,-2.574428729,4.655135995,3.01824503
139.5161084,-30.08190326,0.572985079,0.811602303,-5.110099943,-1.193826133,-3.940778833,2.503047637,3.661779996
139.5262004,-30.08190326,1.16106705,-0.817659394,-5.613493378,-1.849578744,-4.777177202,0.161183052,4.122710595
139.5362925,-30.08190326,-0.518379724,-2.176576789,1.004570073,-0.579992077,-2.712803773,-0.942928355,4.495906061
139.5463845,-30.08190326,0.127392548,-4.673489876,2.855020975,-0.182740888,-1.659736053,-1.961066224,2.42240877
139.5564765,-30.08190326,-0.785287909,0.089698199,-0.040876285,0.683050746,-0.05960396,0.10324608,-0.195203978
139.5665686,-30.08190326,-0.785287909,0.089698199,-0.040876285,0.683050746,-0.05960396,0.10324608,-0.195203978
139.5766606,-30.08190326,-4.014952094,-9.53681319,13.64512398,-2.043775833,4.57416406,-3.063285684,1.803558389
139.5867526,-30.08190326,0.246369481,-5.426086025,5.672767648,-1.413423693,-1.044095006,-4.647760832,1.960785639
139.4757403,-30.07246687,-0.785287909,0.089698199,-0.040876285,0.683050746,-0.05960396,0.10324608,-0.195203978
139.4858323,-30.07246687,3.878572481,1.406070703,-2.946490081,-3.735453287,-1.372398901,-3.967325972,-2.704144037
139.4959244,-30.07246687,0.395354692,4.742722484,-2.955913303,-2.132451309,-1.187881559,2.397516749,1.476900548
139.5060164,-30.07246687,-1.109315082,3.847307423,-6.880736716,-0.33960779,-2.39356605,6.49914394,3.584959581
139.5161084,-30.07246687,-1.570737614,-1.339984404,-5.915222724,0.573469397,-2.41997482,4.89923288,2.671985939
139.5262004,-30.07246687,-1.409429796,2.153796464,-3.379485794,-1.854832399,-5.189098762,1.299682227,5.111297593
139.5362925,-30.07246687,-0.731439142,3.786265231,-6.949075562,1.543241587,-1.295949296,5.199796587,2.220453899
139.5463845,-30.07246687,0.615401316,7.848052891,-11.59545695,5.93386421,5.732859588,7.735884046,-0.852029102
139.5564765,-30.07246687,-0.785287909,0.089698199,-0.040876285,0.683050746,-0.05960396,0.10324608,-0.195203978
139.5665686,-30.07246687,-0.785287909,0.089698199,-0.040876285,0.683050746,-0.05960396,0.10324608,-0.195203978
139.5766606,-30.07246687,-0.785287909,0.089698199,-0.040876285,0.683050746,-0.05960396,0.10324608,-0.195203978
139.5867526,-30.07246687,-0.57374333,-2.984906788,3.258630873,-0.219350295,-1.269729787,-4.316597089,2.563961557
139.5968446,-30.07246687,2.897875591,-5.042710858,4.298968048,-1.318536548,-4.62086189,-3.266412276,-0.164840624
139.4757403,-30.06303048,-0.785287909,0.089698199,-0.040876285,0.683050746,-0.05960396,0.10324608,-0.195203978
139.4858323,-30.06303048,-0.785287909,0.089698199,-0.040876285,0.683050746,-0.05960396,0.10324608,-0.195203978
139.4959244,-30.06303048,-0.785287909,0.089698199,-0.040876285,0.683050746,-0.05960396,0.10324608,-0.195203978
139.5060164,-30.06303048,-2.850020546,-0.562491918,-6.61116588,0.367191788,-1.971316192,5.699220363,3.158964373
139.5161084,-30.06303048,-4.567121117,-2.53855651,-4.499414426,0.123015474,-1.459551588,4.788545889,2.922367292
139.5262004,-30.06303048,-2.322786197,0.594182368,-5.322591282,1.237723783,-1.760151172,5.420583392,2.30087666
139.5362925,-30.06303048,0.543533609,7.675125059,-11.40426393,5.751636608,5.380717101,7.699579296,-0.735613295
139.5463845,-30.06303048,0.615401316,7.848052891,-11.59545695,5.93386421,5.732859588,7.735884046,-0.852029102
139.5564765,-30.06303048,-0.785287909,0.089698199,-0.040876285,0.683050746,-0.05960396,0.10324608,-0.195203978
139.5665686,-30.06303048,-0.510376249,-0.901053379,6.289966126,1.663765712,-1.726253969,-5.265467685,-0.757837842
139.5766606,-30.06303048,0.786163612,-1.605941696,6.392577186,1.467357725,-2.353873813,-4.314246797,-0.711501664
139.5867526,-30.06303048,-0.507823873,-2.408021163,4.180109214,0.267936425,-1.386271097,-4.058946731,2.119741962
139.5968446,-30.06303048,-0.893563909,-2.572816672,3.485246178,0.11714661,-0.908699986,-4.198722365,2.491132313
139.6069367,-30.06303048,-0.608378553,-2.79878248,3.394345495,-0.224237178,-1.55584249,-4.170888784,2.195590775
139.6170287,-30.06303048,-0.785287909,0.089698199,-0.040876285,0.683050746,-0.05960396,0.10324608,-0.195203978
139.4959244,-30.05359409,-0.785287909,0.089698199,-0.040876285,0.683050746,-0.05960396,0.10324608,-0.195203978
139.5060164,-30.05359409,-0.785287909,0.089698199,-0.040876285,0.683050746,-0.05960396,0.10324608,-0.195203978
139.5161084,-30.05359409,-4.644012651,-2.425627259,-4.599436305,-0.056196626,-1.407441181,4.668657461,3.030237004
139.5262004,-30.05359409,0.615401316,7.848052891,-11.59545695,5.93386421,5.732859588,7.735884046,-0.852029102
139.5362925,-30.05359409,0.615401316,7.848052891,-11.59545695,5.93386421,5.732859588,7.735884046,-0.852029102
139.5463845,-30.05359409,0.615401316,7.848052891,-11.59545695,5.93386421,5.732859588,7.735884046,-0.852029102
139.5564765,-30.05359409,-0.785287909,0.089698199,-0.040876285,0.683050746,-0.05960396,0.10324608,-0.195203978
139.5665686,-30.05359409,-0.510376249,-0.901053379,6.289966126,1.663765712,-1.726253969,-5.265467685,-0.757837842
139.5766606,-30.05359409,-0.009248654,-1.158237574,6.341248278,1.566771995,-1.911818535,-4.958860596,-0.689014399
139.5867526,-30.05359409,2.919786948,-3.038849628,5.805745952,0.622194178,-4.161791661,-2.919227355,-0.85970936
139.5968446,-30.05359409,2.489041136,-2.958250224,5.013590782,-1.081696781,-2.778427532,-5.024885522,0.973972132
139.6069367,-30.05359409,-0.785287909,0.089698199,-0.040876285,0.683050746,-0.05960396,0.10324608,-0.195203978
139.6170287,-30.05359409,-0.785287909,0.089698199,-0.040876285,0.683050746,-0.05960396,0.10324608,-0.195203978
139.4959244,-30.0441577,-0.785287909,0.089698199,-0.040876285,0.683050746,-0.05960396,0.10324608,-0.195203978
139.5060164,-30.0441577,-0.785287909,0.089698199,-0.040876285,0.683050746,-0.05960396,0.10324608,-0.195203978
139.5161084,-30.0441577,-0.785287909,0.089698199,-0.040876285,0.683050746,-0.05960396,0.10324608,-0.195203978
139.5262004,-30.0441577,-0.785287909,0.089698199,-0.040876285,0.683050746,-0.05960396,0.10324608,-0.195203978
139.5362925,-30.0441577,-0.785287909,0.089698199,-0.040876285,0.683050746,-0.05960396,0.10324608,-0.195203978
139.5463845,-30.0441577,-0.785287909,0.089698199,-0.040876285,0.683050746,-0.05960396,0.10324608,-0.195203978
139.5564765,-30.0441577,-0.785287909,0.089698199,-0.040876285,0.683050746,-0.05960396,0.10324608,-0.195203978
139.5665686,-30.0441577,-0.785287909,0.089698199,-0.040876285,0.683050746,-0.05960396,0.10324608,-0.195203978
139.5766606,-30.0441577,-1.233371493,1.012166506,-0.06364671,-0.86237774,-2.921653276,-0.120070013,1.328348436
139.5867526,-30.0441577,2.014399013,-1.222714226,2.229465052,-2.439385586,-2.932699844,-2.814437117,1.406001797
139.5968446,-30.0441577,3.503996065,-1.623442864,2.636465042,-2.52020359,-2.070073897,-2.692481155,1.436244428
139.6069367,-30.0441577,1.554341038,2.479995274,-1.939348436,-0.76298901,2.513714583,5.790415001,-1.852957982
139.6170287,-30.0441577,-0.785287909,0.089698199,-0.040876285,0.683050746,-0.05960396,0.10324608,-0.195203978
139.6271207,-30.0441577,-0.785287909,0.089698199,-0.040876285,0.683050746,-0.05960396,0.10324608,-0.195203978
139.6372127,-30.0441577,-0.785287909,0.089698199,-0.040876285,0.683050746,-0.05960396,0.10324608,-0.195203978
139.5564765,-30.03472131,-0.785287909,0.089698199,-0.040876285,0.683050746,-0.05960396,0.10324608,-0.195203978
139.5665686,-30.03472131,-0.785287909,0.089698199,-0.040876285,0.683050746,-0.05960396,0.10324608,-0.195203978
139.5766606,-30.03472131,-4.973581584,4.769932122,-7.822349561,-0.521042688,-4.559733556,6.437834812,2.700881639
139.5867526,-30.03472131,-1.105646883,1.765716999,-3.167680178,-1.160157433,-1.7110258,3.466815694,1.828117666
139.5968446,-30.03472131,1.889132099,2.153684518,-1.872305879,-0.915394884,2.282423155,5.718476798,-1.593256586
139.6069367,-30.03472131,1.752531958,-1.911469847,1.938921459,-2.884592914,0.672523159,3.096478289,1.148873798
139.6170287,-30.03472131,2.043261132,1.162517311,0.583896172,-3.466216266,-4.780256169,-3.148554458,-3.937277657
139.6271207,-30.03472131,2.06508167,1.080768086,0.575728413,-3.43524047,-4.779472589,-3.186810354,-3.918310156
139.6372127,-30.03472131,-0.785287909,0.089698199,-0.040876285,0.683050746,-0.05960396,0.10324608,-0.195203978
139.6473048,-30.03472131,-2.056520377,-7.710183627,14.23850338,6.751853437,0.409766768,-3.065579602,-0.167196312
139.5665686,-30.02528492,-0.785287909,0.089698199,-0.040876285,0.683050746,-0.05960396,0.10324608,-0.195203978
139.5766606,-30.02528492,-0.785287909,0.089698199,-0.040876285,0.683050746,-0.05960396,0.10324608,-0.195203978
139.5867526,-30.02528492,-0.623901571,2.39539359,-4.868413475,-0.32061238,0.635412279,6.802235073,0.276632123
139.5968446,-30.02528492,1.864995039,-1.694837081,1.710976899,-2.797096517,0.717712159,3.238287105,1.009292634
139.6069367,-30.02528492,-0.027215196,-4.525478837,4.934198878,-3.760449289,0.840599823,1.885215214,2.814913946
139.6170287,-30.02528492,2.29617057,0.17761254,0.716533169,-3.291043531,-4.585700451,-3.274840002,-3.386465272
139.6271207,-30.02528492,2.282094864,0.235846726,0.502195306,-3.092881181,-4.792343411,-3.57369516,-3.732569397
139.6372127,-30.02528492,-2.056520377,-7.710183627,14.23850338,6.751853437,0.409766768,-3.065579602,-0.167196312
139.6473048,-30.02528492,-1.396157234,-5.420183083,13.29006002,5.556026926,-0.204453765,-4.169786989,0.585158637
139.6573968,-30.02528492,-2.056520377,-7.710183627,14.23850338,6.751853437,0.409766768,-3.065579602,-0.167196312
139.5766606,-30.01584853,-0.785287909,0.089698199,-0.040876285,0.683050746,-0.05960396,0.10324608,-0.195203978
139.5867526,-30.01584853,-0.785287909,0.089698199,-0.040876285,0.683050746,-0.05960396,0.10324608,-0.195203978
139.5968446,-30.01584853,-2.205725804,-6.812465773,8.861263452,-4.817358304,2.896677927,2.224932642,4.748353421
139.6069367,-30.01584853,-2.205725804,-6.812465773,8.861263452,-4.817358304,2.896677927,2.224932642,4.748353421
139.6170287,-30.01584853,2.263468857,0.310324741,0.508016096,-3.124563522,-4.789658685,-3.540384584,-3.748166307
139.6271207,-30.01584853,2.278937819,0.248492887,0.503176181,-3.098279624,-4.791866556,-3.568051762,-3.735206843
139.6372127,-30.01584853,1.815522414,3.186510286,7.33822963,0.927364083,-7.246180498,-9.236896039,4.058241861
139.6473048,-30.01584853,1.48970734,1.952139695,7.305507241,1.243422174,-5.745754654,-7.939710175,3.356155089
139.6573968,-30.01584853,-0.464205354,-0.044157778,6.625568863,0.536699714,-2.294074444,-4.919616503,3.164633175
139.6674888,-30.01584853,-1.772582684,-0.410161885,3.266022015,-1.504378578,1.69131638,-1.948490835,3.094458934
139.5665686,-30.00641214,-0.785287909,0.089698199,-0.040876285,0.683050746,-0.05960396,0.10324608,-0.195203978
139.5766606,-30.00641214,-0.785287909,0.089698199,-0.040876285,0.683050746,-0.05960396,0.10324608,-0.195203978
139.5867526,-30.00641214,-0.785287909,0.089698199,-0.040876285,0.683050746,-0.05960396,0.10324608,-0.195203978
139.5968446,-30.00641214,11.1035677,-7.195025907,-2.63016773,2.401968509,1.729131545,-4.863133636,-4.528084523
139.6069367,-30.00641214,11.1035677,-7.195025907,-2.63016773,2.401968509,1.729131545,-4.863133636,-4.528084523
139.6170287,-30.00641214,8.470513572,-8.956464835,-2.159737312,-0.508383529,3.31330418,-1.022515313,-0.173827256
139.6271207,-30.00641214,7.270857053,-6.735824149,-3.07960512,-0.665918405,-0.192509493,-1.478323595,1.433158438
139.6372127,-30.00641214,4.175002618,-1.314040917,1.532101228,-0.744213742,-2.111100762,-3.348993601,1.396248907
139.6473048,-30.00641214,2.153646197,1.059339776,4.493982548,0.010481385,-3.992596053,-5.3058404,2.785185357
139.6573968,-30.00641214,1.55918602,0.832863574,3.695072508,-0.741385097,-1.731095906,-3.424689928,2.897227006
139.6674888,-30.00641214,-0.015335081,-0.017883018,2.861019225,-1.010540942,0.792288976,-2.445422104,2.855241942
139.5665686,-29.99697575,-0.785287909,0.089698199,-0.040876285,0.683050746,-0.05960396,0.10324608,-0.195203978
139.5766606,-29.99697575,-0.785287909,0.089698199,-0.040876285,0.683050746,-0.05960396,0.10324608,-0.195203978
139.5867526,-29.99697575,-6.120902904,-3.274940106,1.11865691,-1.516000165,-3.242130072,6.352912499,5.35803187
139.5968446,-29.99697575,11.1035677,-7.195025907,-2.63016773,2.401968509,1.729131545,-4.863133636,-4.528084523
139.6069367,-29.99697575,10.96553059,-7.141014768,-2.197357471,1.719081618,2.078943311,-4.309940537,-4.277841874
139.6170287,-29.99697575,9.029674759,-8.287156724,-2.168538714,-0.151330261,3.146381298,-2.076935367,-1.173321309
139.6271207,-29.99697575,7.84339262,-7.548052945,-2.558054735,-0.907731013,3.106279588,-1.687458615,0.550898994
139.6372127,-29.99697575,7.837815668,-5.445671419,-1.677194423,-0.18551214,-1.837743492,-1.363899841,-0.60235921
139.6473048,-29.99697575,3.96223451,-0.122828352,2.753616819,-0.691994333,-2.015416735,-2.216812971,0.634506959
139.6573968,-29.99697575,4.944048664,3.108335627,3.800238185,-0.821326372,-1.109703846,-4.969125555,2.894690485
139.6674888,-29.99697575,6.91097612,-2.169198699,4.492436875,3.156290967,-1.457100558,-5.791064358,0.458480234
139.5665686,-29.98753936,-0.785287909,0.089698199,-0.040876285,0.683050746,-0.05960396,0.10324608,-0.195203978
139.5766606,-29.98753936,-6.120902904,-3.274940106,1.11865691,-1.516000165,-3.242130072,6.352912499,5.35803187
139.5867526,-29.98753936,-6.120902904,-3.274940106,1.11865691,-1.516000165,-3.242130072,6.352912499,5.35803187
139.5968446,-29.98753936,0.249283955,-3.097107403,0.572950874,-0.960408375,0.034833917,1.833351643,0.714668195
139.6069367,-29.98753936,10.28610552,-8.156425397,-0.269489648,-0.372518209,2.709837763,-1.6075952,-2.520168563
139.6170287,-29.98753936,9.27729304,-9.074301539,-0.754161183,-0.619855685,2.704034489,-0.957254645,-1.092102419
139.6271207,-29.98753936,7.274289415,-6.696644971,-2.995201687,-0.781724576,0.288615196,-1.607596451,1.37190096
139.6372127,-29.98753936,3.938604894,1.563909853,-0.570289692,-1.063256108,-0.34810457,0.075169435,-1.020531768
139.6473048,-29.98753936,1.423302185,-0.065590361,1.149888335,-0.532524459,-1.547900594,-0.576986994,0.6274004
139.6573968,-29.98753936,0.707045421,0.633455775,1.611067478,0.32543152,-1.5394989,-0.703566747,1.878672624
139.6674888,-29.98753936,0.166411654,1.035297477,1.780624703,1.132238222,-1.35186535,0.168089949,1.099566469
139.5362925,-29.97810297,-0.785287909,0.089698199,-0.040876285,0.683050746,-0.05960396,0.10324608,-0.195203978
139.5463845,-29.97810297,-0.785287909,0.089698199,-0.040876285,0.683050746,-0.05960396,0.10324608,-0.195203978
139.5564765,-29.97810297,-0.785287909,0.089698199,-0.040876285,0.683050746,-0.05960396,0.10324608,-0.195203978
139.5665686,-29.97810297,-0.785287909,0.089698199,-0.040876285,0.683050746,-0.05960396,0.10324608,-0.195203978
139.5766606,-29.97810297,-6.120902904,-3.274940106,1.11865691,-1.516000165,-3.242130072,6.352912499,5.35803187
139.5867526,-29.97810297,-6.120902904,-3.274940106,1.11865691,-1.516000165,-3.242130072,6.352912499,5.35803187
139.5968446,-29.97810297,-1.10841228,-3.60463236,0.801395121,-1.973594581,-0.572141204,3.329970132,3.029478854
139.6069367,-29.97810297,10.25306165,-8.964142949,0.170332316,-0.74536355,2.523155913,-0.748588161,-1.983856275
139.6170287,-29.97810297,10.19124669,-8.692353011,0.468663209,-2.219296438,0.949794012,-0.091824641,-2.391103939
139.6271207,-29.97810297,10.22309477,-8.302778502,0.475491577,-2.868825256,0.053855526,0.290273887,-2.481231798
139.6372127,-29.97810297,0.007216335,2.862456032,-0.841566025,0.195368512,-0.540759348,2.008384103,-1.044276354
139.6473048,-29.97810297,-0.402343904,2.461210298,0.224821163,0.069024805,-2.245019321,1.030557803,-0.677586405
139.6573968,-29.97810297,-0.275533825,2.230436444,-0.67667411,0.891082683,-1.23013197,0.079837741,1.950968828
139.6674888,-29.97810297,-2.493489915,0.522657085,1.691462023,1.885494991,-1.811457418,2.398279483,1.106708309
139.5362925,-29.96866658,-0.785287909,0.089698199,-0.040876285,0.683050746,-0.05960396,0.10324608,-0.195203978
139.5463845,-29.96866658,-0.785287909,0.089698199,-0.040876285,0.683050746,-0.05960396,0.10324608,-0.195203978
139.5564765,-29.96866658,-4.547201511,-2.554190695,4.850056905,-6.822079243,3.406475374,1.174781785,-1.492219698
139.5665686,-29.96866658,-4.47174196,-2.596254172,4.884747699,-6.813187372,3.425519936,1.09083018,-1.50882739
139.5766606,-29.96866658,-0.785287909,0.089698199,-0.040876285,0.683050746,-0.05960396,0.10324608,-0.195203978
139.5867526,-29.96866658,-4.565176443,2.814514248,-2.612967159,-3.406496067,-0.318240765,6.352790933,3.86349592
139.5968446,-29.96866658,-4.287056184,2.294754173,-0.65659515,-4.853242731,0.993207859,5.801134371,3.195331171
139.6069367,-29.96866658,1.358082413,-0.352805386,1.903923356,-4.800938264,2.021810766,3.550699603,0.87941182
139.6170287,-29.96866658,10.69271176,-9.31008109,0.619557382,-2.937250546,1.306488606,0.525643971,-3.307855486
139.6271207,-29.96866658,9.992074559,-7.900074046,-0.149362504,-1.666411059,1.308922563,-0.152025502,-2.772599883
139.6372127,-29.96866658,3.662888366,-2.793731948,-0.979870486,0.103926039,-0.506213353,1.203173028,-2.450656462
139.6473048,-29.96866658,1.337582052,-1.139731654,-0.791348472,2.136289671,-2.824897438,1.531813053,-1.025665067
139.6573968,-29.96866658,0.450931308,-0.616281401,0.052079354,2.745070422,-2.321669669,1.397090598,0.657254414
139.6674888,-29.96866658,1.330177465,-0.168337546,0.85534364,0.32751841,-1.635716187,1.081699518,0.062479455
139.5362925,-29.95923019,-0.785287909,0.089698199,-0.040876285,0.683050746,-0.05960396,0.10324608,-0.195203978
139.5463845,-29.95923019,-4.448135178,-2.609453072,4.89549595,-6.810376691,3.431349979,1.064617087,-1.513930213
139.5564765,-29.95923019,-2.754879836,-1.529398796,3.283119599,-3.263937955,3.582391272,-0.533512766,-0.35486135
139.5665686,-29.95923019,-1.952273492,-1.960390597,3.575378213,-1.645755933,3.220216267,-0.55243964,-0.380127536
139.5766606,-29.95923019,-4.3441155,0.633806216,0.389807506,-2.345771925,0.813976315,3.415697014,1.464708162
139.5867526,-29.95923019,-5.004600634,3.996853197,-3.695533726,-2.527562739,-0.027597375,5.780532504,3.60489644
139.5968446,-29.95923019,-4.613783959,2.349477987,-0.949765849,-3.548306102,1.129360804,4.715565118,2.680359323
139.6069367,-29.95923019,-3.733183657,-2.11949527,4.452395314,-4.345036954,4.057855208,1.140001902,1.236082418
139.6170287,-29.95923019,0.885384526,-5.378485314,3.116883588,-2.832339669,3.350402504,0.101367024,0.200732484
139.6271207,-29.95923019,7.547553191,-7.138893405,-0.694624125,0.174974185,3.322700559,0.409298426,-0.912534278
139.6372127,-29.95923019,6.497372458,-7.560405389,-2.425760529,0.36307635,3.680865385,-1.867271069,-2.498301577
139.6473048,-29.95923019,3.48083604,-4.517173606,-1.502603814,1.56886584,-0.26516279,0.833830861,-2.34664339
139.6573968,-29.95923019,1.388735575,-1.252730516,-0.483489202,2.006393168,-2.030665384,1.858543772,-1.249988933
139.6674888,-29.95923019,3.061421218,-2.521400049,-1.660630747,0.103244324,-1.661564499,1.439134478,-1.230951194
139.5362925,-29.9497938,-0.785287909,0.089698199,-0.040876285,0.683050746,-0.05960396,0.10324608,-0.195203978
139.5463845,-29.9497938,-0.785287909,0.089698199,-0.040876285,0.683050746,-0.05960396,0.10324608,-0.195203978
139.5564765,-29.9497938,-1.123982519,-2.001186951,2.874672947,-2.150055006,3.547814492,-1.921246924,-0.134528282
139.5665686,-29.9497938,1.701774909,-3.992589957,3.454475175,-0.667801148,2.985771373,-2.176418956,-0.140838509
139.5766606,-29.9497938,-3.987816008,-1.694235648,3.939217052,-2.39128857,1.16711461,2.455071858,-1.412558299
139.5867526,-29.9497938,-5.735893967,4.419225488,-3.472156652,-1.504040188,0.837721615,4.25812664,3.664488637
139.5968446,-29.9497938,-3.57679643,-0.471450035,1.856744417,-2.217425108,3.234528116,0.912571222,0.219795049
139.6069367,-29.9497938,-3.707821732,-1.517950892,3.404871531,-3.272759853,4.188698899,0.071369449,0.33214129
139.6170287,-29.9497938,-5.088480997,0.84050469,5.072063941,-4.557295143,4.135837756,2.277989823,0.027882766
139.6271207,-29.9497938,-1.021887579,2.333075826,3.634376597,-3.69748428,3.54411771,4.19622443,-1.873784913
139.6372127,-29.9497938,4.745518517,-5.67491498,-3.106713725,0.530602451,4.171323827,-1.592702382,-0.356205098
139.6473048,-29.9497938,0.576548353,-2.995910985,-0.579033068,-0.220785819,3.266615266,2.877135378,-2.944683917
139.6573968,-29.9497938,-2.887981945,0.11173629,-0.106793234,0.851199044,-0.236224605,7.597586719,-3.422821365
139.6674888,-29.9497938,0.592295329,0.470087414,0.342851107,0.410793662,-1.861449153,1.478694195,-0.566882463
139.5362925,-29.94035741,-0.785287909,0.089698199,-0.040876285,0.683050746,-0.05960396,0.10324608,-0.195203978
139.5463845,-29.94035741,-0.785287909,0.089698199,-0.040876285,0.683050746,-0.05960396,0.10324608,-0.195203978
139.5564765,-29.94035741,8.689196128,-4.007663431,0.45506432,-0.484486011,1.178558747,-6.029668853,-3.579557982
139.5665686,-29.94035741,-3.320068888,-2.356953322,4.597263243,-2.272459213,2.056764901,1.602676908,-1.157206827
139.5766606,-29.94035741,-4.277629577,-1.392620134,2.76128586,-2.828741895,1.479237565,2.524809124,0.040628337
139.5867526,-29.94035741,-4.243624468,-0.401985957,1.370364902,-2.177783662,2.061479165,2.082242541,0.696041187
139.5968446,-29.94035741,-3.321075975,-1.442971239,2.776738498,-2.379495763,3.829500044,0.390570252,-0.364405083
139.6069367,-29.94035741,-3.607202642,0.691893593,1.913802661,-3.001970217,2.450569942,1.905522657,0.38916548
139.6170287,-29.94035741,-5.104056801,1.10099378,5.125228311,-4.724901726,3.84819233,2.712568796,-0.185763316
139.6271207,-29.94035741,-2.967321666,6.288761862,3.821007381,-4.726599469,2.659078421,5.719861242,-3.191613118
139.6372127,-29.94035741,5.179755721,7.489210767,-5.762376427,0.674284074,0.84195381,3.234370802,-2.601459481
139.6473048,-29.94035741,-0.366794771,2.388124263,-2.114832024,0.638414254,2.257197696,4.757007847,-2.775759945
139.6573968,-29.94035741,-3.516699226,0.585761437,0.12811736,1.268064097,-0.368787279,8.056589199,-3.335308328
139.6674888,-29.94035741,-0.785287909,0.089698199,-0.040876285,0.683050746,-0.05960396,0.10324608,-0.195203978
139.5463845,-29.93092102,-0.785287909,0.089698199,-0.040876285,0.683050746,-0.05960396,0.10324608,-0.195203978
139.5564765,-29.93092102,-0.785287909,0.089698199,-0.040876285,0.683050746,-0.05960396,0.10324608,-0.195203978
139.5665686,-29.93092102,-0.785287909,0.089698199,-0.040876285,0.683050746,-0.05960396,0.10324608,-0.195203978
139.5766606,-29.93092102,-4.117519928,-3.660737187,0.418467692,-4.972946666,2.083120115,0.479238827,5.498665431
139.5867526,-29.93092102,-2.761597672,1.914730681,10.95246736,-8.913186096,5.797233379,5.40919768,1.241656955
139.5968446,-29.93092102,-3.303853172,-0.767409804,2.66487311,-2.999518522,3.601498716,0.705442989,-0.14527211
139.6069367,-29.93092102,-3.28479494,-0.617401585,3.011391489,-3.40571099,3.384936204,0.92978473,0.441975582
139.6170287,-29.93092102,-2.513459308,-0.833526662,4.479825768,-5.745914561,3.673068074,2.556830051,3.063206226
139.6271207,-29.93092102,0.641957819,0.523674378,1.861310706,-4.550350115,2.631527617,1.955249516,2.060695108
139.6372127,-29.93092102,5.124273695,11.67250648,-6.108614788,3.578797748,-1.692826753,5.96974474,-3.367494381
139.6473048,-29.93092102,5.082063011,12.00406918,-8.000655367,-0.570512029,2.862383962,4.104107593,-3.512960796
139.6573968,-29.93092102,5.082063011,12.00406918,-8.000655367,-0.570512029,2.862383962,4.104107593,-3.512960796
139.6674888,-29.93092102,6.645568289,5.119187004,-4.141379682,-1.020425914,1.851372768,-0.313980536,-2.227423022
139.5060164,-29.92148463,-0.785287909,0.089698199,-0.040876285,0.683050746,-0.05960396,0.10324608,-0.195203978
139.5161084,-29.92148463,-0.785287909,0.089698199,-0.040876285,0.683050746,-0.05960396,0.10324608,-0.195203978
139.5262004,-29.92148463,-0.785287909,0.089698199,-0.040876285,0.683050746,-0.05960396,0.10324608,-0.195203978
139.5362925,-29.92148463,-0.785287909,0.089698199,-0.040876285,0.683050746,-0.05960396,0.10324608,-0.195203978
139.5463845,-29.92148463,-0.785287909,0.089698199,-0.040876285,0.683050746,-0.05960396,0.10324608,-0.195203978
139.5564765,-29.92148463,-0.785287909,0.089698199,-0.040876285,0.683050746,-0.05960396,0.10324608,-0.195203978
139.5665686,-29.92148463,-0.785287909,0.089698199,-0.040876285,0.683050746,-0.05960396,0.10324608,-0.195203978
139.5766606,-29.92148463,-0.785287909,0.089698199,-0.040876285,0.683050746,-0.05960396,0.10324608,-0.195203978
139.5867526,-29.92148463,-0.785287909,0.089698199,-0.040876285,0.683050746,-0.05960396,0.10324608,-0.195203978
139.5968446,-29.92148463,2.815717095,-0.808530147,-1.259324788,2.698799995,0.689794465,0.264987611,0.528996784
139.6069367,-29.92148463,-0.487853804,-1.752072869,2.928249093,-4.58529516,3.161821432,1.586932801,3.055291629
139.6170287,-29.92148463,-1.41147676,-1.542687873,5.137172023,-6.514405915,3.883935833,2.460594698,3.53114904
139.6271207,-29.92148463,-1.682784879,-0.847994951,4.659313419,-6.240011018,3.223808757,2.746827414,3.570874954
139.6372127,-29.92148463,-0.785287909,0.089698199,-0.040876285,0.683050746,-0.05960396,0.10324608,-0.195203978
139.6473048,-29.92148463,5.082063011,12.00406918,-8.000655367,-0.570512029,2.862383962,4.104107593,-3.512960796
139.6573968,-29.92148463,5.567386105,10.40047114,-7.30918847,-1.028188151,3.158020715,2.94766265,-3.120695402
139.6674888,-29.92148463,8.846362683,-3.087623179,-2.79853686,0.815640306,1.684988397,-3.265188458,-1.926147048
139.4959244,-29.91204824,-0.785287909,0.089698199,-0.040876285,0.683050746,-0.05960396,0.10324608,-0.195203978
139.5060164,-29.91204824,-0.785287909,0.089698199,-0.040876285,0.683050746,-0.05960396,0.10324608,-0.195203978
139.5161084,-29.91204824,12.20005671,-2.312367514,1.13910673,-1.04016391,-1.667381049,-4.407562691,0.736313406
139.5262004,-29.91204824,5.305553085,-2.431706868,-2.076282495,0.531789286,0.891891613,-1.547525029,-0.947546387
139.5362925,-29.91204824,5.432674332,4.665173095,-3.225699243,1.560379473,-0.878428426,3.376948877,-1.934463602
139.5463845,-29.91204824,-0.785287909,0.089698199,-0.040876285,0.683050746,-0.05960396,0.10324608,-0.195203978
139.5564765,-29.91204824,2.381869137,6.835734912,-4.507885021,1.01776346,-2.633366643,0.989278599,1.089160797
139.5665686,-29.91204824,2.853097119,5.186029686,-4.173747412,1.508366492,-2.20165676,1.071309895,1.36143723
139.5766606,-29.91204824,-0.785287909,0.089698199,-0.040876285,0.683050746,-0.05960396,0.10324608,-0.195203978
139.5867526,-29.91204824,4.139940491,-1.947943259,-2.663294426,4.657065084,0.38875475,-0.569010066,0.750066339
139.5968446,-29.91204824,4.139940491,-1.947943259,-2.663294426,4.657065084,0.38875475,-0.569010066,0.750066339
139.6069367,-29.91204824,4.139940491,-1.947943259,-2.663294426,4.657065084,0.38875475,-0.569010066,0.750066339
139.6170287,-29.91204824,2.387145713,5.175221788,-4.90024436,1.56882188,0.497266331,2.22947554,-0.689496657
139.6271207,-29.91204824,2.346025718,2.291959791,-4.109513557,2.878566367,-1.354946773,2.111973084,-0.098618108
139.6372127,-29.91204824,3.134919358,1.53057759,-4.431276529,2.782030255,-1.954521693,0.99215495,0.405883572
139.6473048,-29.91204824,1.77547741,4.545512247,-5.14366407,-1.642702916,0.696550974,2.830599842,-1.558518796
139.6573968,-29.91204824,3.754594352,4.496101866,-4.974907349,-1.293876472,1.708692942,1.271414456,-1.511311038
139.6674888,-29.91204824,8.81147758,-2.757715182,-2.560804723,0.742967939,1.70294711,-3.185928641,-1.937072808
139.5060164,-29.90261185,-0.785287909,0.089698199,-0.040876285,0.683050746,-0.05960396,0.10324608,-0.195203978
139.5161084,-29.90261185,4.637541289,0.668018296,0.314003756,-1.554887889,-0.577578026,-1.319013457,0.118897178
139.5262004,-29.90261185,2.821131465,1.078414074,-2.494230443,0.593341504,1.017902446,0.64991507,-1.626355921
139.5362925,-29.90261185,4.703925611,5.45348535,-3.389695136,1.61521744,-0.22861824,2.674692765,-2.065490449
139.5463845,-29.90261185,2.961316578,9.740928465,-4.341568434,1.36734529,-1.778525486,1.094139433,-1.216933863
139.5564765,-29.90261185,2.921278543,11.97563749,-4.606308018,0.881981913,-2.062295451,2.67391192,-0.849407296
139.5665686,-29.90261185,3.256148788,4.207380646,-4.208322735,2.156174431,-3.466157518,0.833109784,1.440938267
139.5766606,-29.90261185,4.556957771,-0.107217265,-4.264220878,3.686844377,-3.589425742,0.396696083,1.593254132
139.5867526,-29.90261185,-0.785287909,0.089698199,-0.040876285,0.683050746,-0.05960396,0.10324608,-0.195203978
139.5968446,-29.90261185,4.139940491,-1.947943259,-2.663294426,4.657065084,0.38875475,-0.569010066,0.750066339
139.6069367,-29.90261185,3.979341024,-1.431902469,-2.045621117,4.783783637,0.287123336,-0.415748518,2.22598244
139.6170287,-29.90261185,1.560205466,3.217662945,-3.601294233,3.34029527,0.096959369,1.6422885,1.294998756
139.6271207,-29.90261185,2.832440633,9.536938719,-6.390487493,1.458179448,2.704213979,3.120922335,-1.073970595
139.6372127,-29.90261185,4.159440329,-0.137228086,-3.431181954,1.433217486,-2.449112848,-0.503787153,0.721038191
139.6473048,-29.90261185,1.154548968,-2.644975239,-1.773288612,0.29332025,-1.362184191,1.293394374,-0.973002606
139.6573968,-29.90261185,-0.864301966,-0.136858683,0.031583349,0.538357253,-1.510481238,3.473183815,-1.389970904
139.6674888,-29.90261185,-1.858913982,4.603745754,-0.500921916,-1.597946225,-0.985161469,4.46651552,0.627179091
139.5161084,-29.89317546,0.249401814,5.601170804,-0.815694703,-1.858793654,-1.260148145,1.217125942,-0.057584075
139.5262004,-29.89317546,1.560004485,5.647597345,-2.531742597,-0.228801166,-0.136195419,2.045197512,-1.294530091
139.5362925,-29.89317546,4.214723645,6.833048377,-3.629005028,1.886304369,-0.185175301,2.780876121,-2.489377413
139.5463845,-29.89317546,3.524736328,10.36281452,-4.045869936,1.888647235,-1.370804726,1.504925155,-1.888725304
139.5564765,-29.89317546,2.356997972,7.613527036,-4.6785511,1.15153149,-3.65212493,0.585697215,0.366366742
139.5665686,-29.89317546,3.079862259,3.657411766,-3.215576462,2.206350464,-3.907084808,0.385021658,1.478742213
139.5766606,-29.89317546,1.755909824,-8.087130799,0.629246842,-1.012255489,1.235793177,0.755602212,4.328023052
139.5867526,-29.89317546,-0.785287909,0.089698199,-0.040876285,0.683050746,-0.05960396,0.10324608,-0.195203978
139.5968446,-29.89317546,-0.785287909,0.089698199,-0.040876285,0.683050746,-0.05960396,0.10324608,-0.195203978
139.6069367,-29.89317546,3.353754261,-0.435914563,-2.322974948,5.171801912,-1.537370574,1.110065806,2.320591918
139.6170287,-29.89317546,3.104099488,0.334340905,-2.543356547,4.863048622,-1.363027714,0.926239724,2.500116987
139.6271207,-29.89317546,2.637753848,1.219379897,-3.043034505,1.743233821,-0.795266095,-0.446022006,1.67049331
139.6372127,-29.89317546,2.971771815,-4.275969996,-0.183313411,0.752874194,-2.034717127,-4.179301894,2.203747823
139.6473048,-29.89317546,1.599503268,-4.312835916,-0.986749729,0.780538823,-1.103122365,-1.416156905,0.183834403
139.6573968,-29.89317546,-0.594501131,2.561927034,1.304137952,1.136303981,-0.815041163,2.773074538,0.138062264
139.6674888,-29.89317546,-1.396129389,2.166016593,-0.532084428,-1.77452416,0.686837671,2.065607436,1.339305034
139.5262004,-29.88373907,-1.726586041,12.31402625,-3.522649999,2.24874704,-3.599501775,5.843659266,-1.143344516
139.5362925,-29.88373907,3.880564769,10.79315525,-3.919005608,4.19285458,-2.214406868,5.564636898,-2.933516307
139.5463845,-29.88373907,4.290967443,11.87487762,-3.589427123,3.020837362,-1.122658656,2.597797043,-2.729500139
139.5564765,-29.88373907,2.718161904,-0.399453432,-2.572683708,-0.361815029,1.455441463,-0.764392578,2.742199729
139.5665686,-29.88373907,2.573662735,-7.660939429,-0.624457968,-0.3421211,2.058670203,0.495305793,4.030866046
139.5766606,-29.88373907,4.00928666,-4.364623713,-1.849885716,0.423976613,-0.151111576,0.538373089,3.353972871
139.5867526,-29.88373907,6.17264319,1.649363403,-6.141676578,1.495069151,-3.414246446,1.840428958,1.565706201
139.5968446,-29.88373907,-0.785287909,0.089698199,-0.040876285,0.683050746,-0.05960396,0.10324608,-0.195203978
139.6069367,-29.88373907,3.353754261,-0.435914563,-2.322974948,5.171801912,-1.537370574,1.110065806,2.320591918
139.6170287,-29.88373907,4.389118873,0.999749409,-0.997074564,0.841216876,-0.4931333,2.563745433,1.416184925
139.6271207,-29.88373907,5.555531807,1.964415298,0.778452244,-3.574433658,0.507627805,4.138147042,0.642566291
139.6372127,-29.88373907,2.55578134,-4.2215383,-0.230127725,0.23537147,-1.474750697,-3.239976609,1.846542478
139.6473048,-29.88373907,6.507813076,0.87849793,2.773187791,1.999008699,-2.064270095,-1.513475382,-3.73882783
139.6573968,-29.88373907,3.920065006,2.047703203,2.562612452,2.742839173,-1.18773249,-0.629863353,-2.071990451
139.6674888,-29.88373907,-0.257230329,3.259852706,1.28640511,2.361496461,-0.523345085,0.579452954,0.768642875
139.5362925,-29.87430267,-0.785287909,0.089698199,-0.040876285,0.683050746,-0.05960396,0.10324608,-0.195203978
139.5463845,-29.87430267,-0.785287909,0.089698199,-0.040876285,0.683050746,-0.05960396,0.10324608,-0.195203978
139.5564765,-29.87430267,4.206350588,-7.159781938,-2.617858261,-0.411256571,2.947523445,-0.31872826,2.775678877
139.5665686,-29.87430267,3.926578959,-7.234281415,-2.269004002,-0.334882968,2.806409205,-0.133402369,3.034264941
139.5766606,-29.87430267,4.888854818,-3.858467111,-2.583573983,0.004892091,-0.879279542,0.935944978,3.058766324
139.5867526,-29.87430267,6.17264319,1.649363403,-6.141676578,1.495069151,-3.414246446,1.840428958,1.565706201
139.5968446,-29.87430267,6.17264319,1.649363403,-6.141676578,1.495069151,-3.414246446,1.840428958,1.565706201
139.6069367,-29.87430267,8.440901026,0.690927681,-8.01046937,1.726382104,1.173576413,3.382668505,-4.380926169
139.6170287,-29.87430267,7.795925006,1.755219536,-5.932849128,-0.618972114,0.159182756,3.928721508,-3.689274092
139.6271207,-29.87430267,7.33518716,2.623413255,0.420755878,-6.538010862,0.415021809,5.253707635,-1.416726003
139.6372127,-29.87430267,6.730442622,2.199807633,-1.207546005,-2.504985139,-3.054225516,2.687316679,-0.305965405
139.6473048,-29.87430267,6.622989851,2.310803017,-0.291433925,1.574205639,-4.850760595,0.004164088,-0.166954944
139.6573968,-29.87430267,3.338547298,2.462604924,1.930135188,3.387683352,-2.275529268,-0.823899613,-0.345959221
139.6674888,-29.87430267,1.391026331,1.944612502,2.752085278,4.189686406,-2.731125127,-0.23232871,0.327618908
139.5564765,-29.86486628,4.71971107,-7.048548346,-3.312880601,-0.631406617,3.253897727,-0.803176642,2.157696974
139.5665686,-29.86486628,5.368450206,-7.051649221,-2.759006437,-1.251651529,0.6860728,1.003264597,3.07209097
139.5766606,-29.86486628,6.465318253,-6.388897364,-2.674446969,-1.852880729,-2.070013462,2.753949,3.013975821
139.5867526,-29.86486628,6.510339881,-5.704433008,-2.972217194,-1.683852722,-2.188170893,2.659225479,2.894817502
139.5968446,-29.86486628,-0.785287909,0.089698199,-0.040876285,0.683050746,-0.05960396,0.10324608,-0.195203978
139.6069367,-29.86486628,2.977153209,9.04660696,-5.60907098,-0.316597113,0.593338553,5.577954739,-3.68741945
139.6170287,-29.86486628,4.545250923,3.785368949,-4.697535639,0.422342325,0.51670573,3.411459294,-2.706969723
139.6271207,-29.86486628,-0.275747284,1.043350388,0.482365452,-0.623451606,-0.162574809,1.854887004,-0.161596462
139.6372127,-29.86486628,5.39828437,0.927676206,-2.202291801,-0.152873533,-4.393178182,1.938933796,0.67109563
139.6473048,-29.86486628,5.64376484,0.828528001,-2.967269505,-0.422744067,-4.11709633,1.49465989,1.21792267
139.6573968,-29.86486628,5.358202099,1.883356696,-2.837897915,-0.07892999,-4.899587354,1.254981428,0.780104572
139.6674888,-29.86486628,0.973017999,1.731089034,2.528619565,4.422693877,-2.889438493,0.308549909,0.748141449
139.6775809,-30.01584853,-0.785287909,0.089698199,-0.040876285,0.683050746,-0.05960396,0.10324608,-0.195203978
139.6775809,-30.00641214,2.155604494,-0.225562337,2.87296699,0.56623125,0.797184268,-3.503776651,0.744789795
139.6876729,-30.00641214,1.459389958,-1.854856673,5.319719845,1.866767118,-0.069257824,-4.592693658,1.808878371
139.6775809,-29.99697575,4.172925859,0.2419333,4.072408599,1.987237469,0.298672171,-4.726674115,-1.18608354
139.6876729,-29.99697575,0.926569407,-2.133804879,4.014446286,1.277399837,-0.088152356,-3.55955707,2.21273525
139.6977649,-29.99697575,0.430925294,-3.751798186,7.889806031,1.798188159,3.376108061,-0.964177026,3.907441139
139.6775809,-29.98753936,-0.177645064,0.680097066,1.81642339,0.850612326,-0.52035027,-0.903089502,1.504908479
139.6876729,-29.98753936,1.469918304,-2.554882726,2.509839618,2.378743549,-2.924049027,-3.061176526,2.315617736
139.6977649,-29.98753936,-2.510813347,0.088414692,5.459367435,-1.755677165,3.09309464,2.516368095,2.294342573
139.7078569,-29.98753936,0.884099215,-3.171361264,3.481653777,0.486739575,0.310832142,-0.851194949,1.057835693
139.6775809,-29.97810297,-0.552882519,0.076902451,-0.102182732,1.719274414,-2.223807968,1.039138885,1.871019268
139.6876729,-29.97810297,0.802087149,-2.191978714,0.166027833,1.49341882,-1.846736553,-0.648870268,2.160091452
139.6977649,-29.97810297,1.139426493,-3.388695321,1.884375202,0.029217353,0.014294176,-0.368026175,0.50354783
139.7078569,-29.97810297,2.592719142,-3.665182575,1.083776122,1.234181707,0.336103024,-1.252849739,1.541153429
139.717949,-29.97810297,3.319222808,-2.775368259,-0.475728809,1.276693547,0.906063328,-1.368924149,3.005849889
139.728041,-29.97810297,-0.785287909,0.089698199,-0.040876285,0.683050746,-0.05960396,0.10324608,-0.195203978
139.6775809,-29.96866658,-0.268494981,0.05312311,0.242097938,1.85363144,-1.996558899,0.56492695,1.378893021
139.6876729,-29.96866658,2.490336105,-2.711031405,-2.49479898,1.99576687,-0.745221795,0.097124239,3.607131466
139.6977649,-29.96866658,3.841961686,-4.369384149,4.272324662,-0.157961582,-4.362413555,-4.314299448,0.819160293
139.7078569,-29.96866658,5.107803262,-3.973006771,-0.013793816,2.615873743,1.461429257,-4.939742282,0.924556637
139.717949,-29.96866658,4.052042147,-2.122520083,-1.261869592,1.812047629,2.128025523,-3.075408604,2.557851513
139.728041,-29.96866658,-0.785287909,0.089698199,-0.040876285,0.683050746,-0.05960396,0.10324608,-0.195203978
139.738133,-29.96866658,-0.785287909,0.089698199,-0.040876285,0.683050746,-0.05960396,0.10324608,-0.195203978
139.6775809,-29.95923019,0.369021389,1.868960383,1.585689111,0.935627867,-2.466910498,0.714379104,-0.866327042
139.6876729,-29.95923019,1.19807859,-1.398331479,0.599392968,1.441082044,-0.578553614,-0.606821619,1.297879404
139.6977649,-29.95923019,5.114828242,-5.666141663,0.682712687,2.06901966,-1.085423729,-3.517151205,1.6631533
139.7078569,-29.95923019,5.635927974,-4.044134935,1.66100512,1.372402142,-0.969083465,-5.19716651,0.979249641
139.717949,-29.95923019,-0.785287909,0.089698199,-0.040876285,0.683050746,-0.05960396,0.10324608,-0.195203978
139.728041,-29.95923019,-0.785287909,0.089698199,-0.040876285,0.683050746,-0.05960396,0.10324608,-0.195203978
139.6775809,-29.9497938,-0.221278447,0.68563266,0.884960063,0.696237279,-1.870892766,1.03724072,0.181569829
139.6876729,-29.9497938,0.43086791,-0.220109444,-0.580444271,0.165516074,-0.183900273,1.918132772,0.032893477
139.6977649,-29.9497938,4.426147865,-4.13634021,-1.028528682,1.026745954,0.949820981,-0.411939853,0.223897589
139.7078569,-29.9497938,9.964506144,-6.222330941,0.526460707,0.736959301,-1.55801453,-4.704810125,0.651848424
139.717949,-29.9497938,9.964506144,-6.222330941,0.526460707,0.736959301,-1.55801453,-4.704810125,0.651848424
139.728041,-29.9497938,-0.785287909,0.089698199,-0.040876285,0.683050746,-0.05960396,0.10324608,-0.195203978
139.6775809,-29.94035741,2.973434777,3.142989729,-2.252713118,-1.232276179,-0.683087658,0.833045569,-0.946006525
139.6876729,-29.94035741,4.756847955,-6.57306535,-0.558816709,0.301765174,-1.642310159,-1.851535946,-0.65800053
139.6977649,-29.94035741,3.444257667,0.695289338,-1.67280726,-0.501752312,0.367929615,0.212666721,-0.513942293
139.7078569,-29.94035741,9.964506144,-6.222330941,0.526460707,0.736959301,-1.55801453,-4.704810125,0.651848424
139.717949,-29.94035741,9.964506144,-6.222330941,0.526460707,0.736959301,-1.55801453,-4.704810125,0.651848424
139.728041,-29.94035741,-0.785287909,0.089698199,-0.040876285,0.683050746,-0.05960396,0.10324608,-0.195203978
139.6775809,-29.93092102,4.156335825,9.710391219,-3.360122202,-0.708683684,-0.733727406,3.032274305,-3.247883556
139.6876729,-29.93092102,4.129236014,10.31214501,-4.40927367,-0.197148778,-0.402312503,2.507097893,-3.92136846
139.6977649,-29.93092102,4.314060426,5.337055511,-2.916882724,-0.739317571,-0.41321101,0.019753118,-1.873606496
139.7078569,-29.93092102,-0.785287909,0.089698199,-0.040876285,0.683050746,-0.05960396,0.10324608,-0.195203978
139.717949,-29.93092102,-0.785287909,0.089698199,-0.040876285,0.683050746,-0.05960396,0.10324608,-0.195203978
139.6775809,-29.92148463,5.820309065,2.624784167,0.891414796,-0.062711544,-0.175261127,1.248673814,-3.721625205
139.6876729,-29.92148463,3.542617013,4.913093696,2.015071645,-0.101717824,-1.771681313,4.095681285,-3.867202282
139.6977649,-29.92148463,5.6333065,1.019575853,1.614128258,-0.22331151,-0.494066681,-0.543559754,-3.233453327
139.7078569,-29.92148463,-0.785287909,0.089698199,-0.040876285,0.683050746,-0.05960396,0.10324608,-0.195203978
139.6775809,-29.91204824,8.133828229,-2.604913141,0.862364177,0.126711171,0.400894154,-0.972586077,-3.894921635
139.6876729,-29.91204824,6.506178248,-2.410576484,3.082737974,-0.044402042,-0.72906173,-0.539218353,-4.287486819
139.6977649,-29.91204824,8.926318836,-7.239108637,1.128860477,1.443523849,-0.619961223,-4.531897558,-3.575717886
139.7078569,-29.91204824,8.978004912,-6.235856078,0.553217634,2.607219448,-1.764817367,-3.931267016,-3.668433152
139.6775809,-29.90261185,1.352447707,3.842787842,-2.987060521,-1.75113722,1.35240029,1.332171663,-0.394038462
139.6876729,-29.90261185,8.903887217,-7.467132364,1.287281248,1.238859044,-0.364141457,-4.634011394,-3.530579645
139.6977649,-29.90261185,8.909999202,-7.406075408,1.244665156,1.291192956,-0.431669893,-4.60760597,-3.543277142
139.6775809,-29.89317546,-1.135104148,8.459991543,-7.150673356,-1.04181915,1.064344954,3.652292664,-2.333323202
139.6876729,-29.89317546,-1.349745352,11.11645841,-9.357877737,0.581126918,-0.147640291,3.951907273,-4.39206138
139.6775809,-29.88373907,-0.980990761,5.602612241,-2.870261281,0.278901481,1.208484461,0.956142186,0.311616999
139.6775809,-29.87430267,1.145124828,1.634536655,2.426985554,4.172934116,-2.214659543,0.484176954,0.563559976
139.5665686,-29.85542989,6.380809961,-7.22939194,-2.313389992,-2.027573103,-1.922375787,2.879554632,3.165935879
139.5766606,-29.85542989,6.380809961,-7.22939194,-2.313389992,-2.027573103,-1.922375787,2.879554632,3.165935879
139.5867526,-29.85542989,6.380809961,-7.22939194,-2.313389992,-2.027573103,-1.922375787,2.879554632,3.165935879
139.5968446,-29.85542989,-0.785287909,0.089698199,-0.040876285,0.683050746,-0.05960396,0.10324608,-0.195203978
139.6069367,-29.85542989,0.136696905,10.9436553,-3.667026542,-0.435023364,0.715624096,5.379561815,-1.838467644
139.6170287,-29.85542989,-0.477757346,8.815467102,-2.257929078,0.250505745,1.08556721,4.29721429,-1.263265643
139.6271207,-29.85542989,-3.494262584,2.907140463,2.042519154,1.111235333,-0.391096985,2.365793292,0.515743898
139.6372127,-29.85542989,1.340610677,-0.080110844,-1.138709277,-0.854344834,-1.948275903,3.858200193,2.50563122
139.6473048,-29.85542989,4.739098427,0.758092258,-1.144950397,-0.177926967,-4.852223489,2.554469787,0.798754763
139.6573968,-29.85542989,3.112813921,0.725167123,-1.953964575,-0.960575644,-3.152583205,3.367709028,1.870762005
139.5766606,-29.8459935,6.380809961,-7.22939194,-2.313389992,-2.027573103,-1.922375787,2.879554632,3.165935879
139.5867526,-29.8459935,-0.785287909,0.089698199,-0.040876285,0.683050746,-0.05960396,0.10324608,-0.195203978
139.5968446,-29.8459935,-0.785287909,0.089698199,-0.040876285,0.683050746,-0.05960396,0.10324608,-0.195203978
139.6069367,-29.8459935,1.000974562,7.127729886,-3.469824701,-0.506967089,1.21607778,5.850011389,-0.923765977
139.6170287,-29.8459935,0.072691066,6.767490722,-3.824772774,0.512526186,0.772784546,7.090805949,-1.475731018
139.6271207,-29.8459935,0.19576153,4.488794322,-2.095008361,0.084599323,1.112461749,4.249632316,0.3441017
139.6372127,-29.8459935,0.215154039,-0.824820368,-1.71134691,-0.538249569,-1.43595478,6.135508295,3.231628117
139.6473048,-29.8459935,1.645566419,0.213435962,-1.912107113,-0.439286722,-2.143898378,6.823860192,1.974955585
139.6573968,-29.8459935,1.640294574,0.26393572,-1.409805146,-0.923523204,-2.700007637,4.839117749,2.499259827
139.5968446,-29.83655711,-0.785287909,0.089698199,-0.040876285,0.683050746,-0.05960396,0.10324608,-0.195203978
139.6069367,-29.83655711,2.744528648,2.815120012,-3.314579811,-0.591146377,1.800078791,5.133376858,0.01532009
139.6170287,-29.83655711,4.781895972,0.189864821,-2.882086367,-0.677788215,1.153680602,3.050518566,2.426960802
139.6271207,-29.83655711,2.82765148,2.295804136,-3.331024126,-0.474927222,1.421400123,4.320976598,1.120501482
139.6372127,-29.83655711,-0.881913432,-0.657238106,-1.2888628,0.478250262,-1.102672684,7.055531638,2.670168038
139.6473048,-29.83655711,-0.491879007,-0.537702428,-1.40834283,0.412419393,-1.264731016,7.08307361,2.565696054
139.5968446,-29.82712072,-0.785287909,0.089698199,-0.040876285,0.683050746,-0.05960396,0.10324608,-0.195203978
139.6069367,-29.82712072,-0.785287909,0.089698199,-0.040876285,0.683050746,-0.05960396,0.10324608,-0.195203978
139.6170287,-29.82712072,7.323839235,-2.317555256,-2.476048953,-0.739482663,0.344085518,1.712223873,4.104445467
139.6271207,-29.82712072,7.323839235,-2.317555256,-2.476048953,-0.739482663,0.344085518,1.712223873,4.104445467
139.6372127,-29.82712072,-0.785287909,0.089698199,-0.040876285,0.683050746,-0.05960396,0.10324608,-0.195203978
139.6170287,-29.81768433,-0.785287909,0.089698199,-0.040876285,0.683050746,-0.05960396,0.10324608,-0.195203978
139.6271207,-29.81768433,-0.785287909,0.089698199,-0.040876285,0.683050746,-0.05960396,0.10324608,-0.195203978
