Archean_Early_Mesoproterozoic_Faults,Felsic_granite,Mesoproterozoic_strata
0.7946248286440875,1.0,1.0
0.9820987680728445,1.0,1.0
0.8162951964018726,1.0,0.9095437514904013
0.6609880987250649,0.8813805756420291,0.9433201528436324
0.942606898837298,0.9625675518272362,1.0
0.7739043472777422,0.9469848372454464,1.0
0.924502551699733,1.0,1.0
0.9928535716726995,1.0,1.0
0.9739098697487593,1.0,0.9723528230949923
0.8894081968351216,1.0,1.0
0.8023560717843486,1.0,1.0
0.9015140985126049,0.982996934354263,1.0
0.8604344747309693,1.0,1.0
0.9471376978418904,1.0,1.0
0.9647658112255405,1.0,1.0
0.8721607313223781,1.0,1.0
0.9325093280771899,0.866750797195386,1.0
0.8148409697239702,0.9074180640012364,1.0
0.7999916946350807,0.9344329878804875,0.9797732533318876
0.8899726500827136,0.9743868630006159,1.0
0.9845033345091939,1.0,1.0
0.9171526472156557,1.0,0.9989256336359406
0.9278837544583519,1.0,1.0
0.8511422184178277,0.9453243262451276,1.0
0.8168621702422323,0.9384412761663079,1.0
0.6955726202701407,0.9108150399409203,0.9226668376126211
0.6377267583463545,0.8423549122711569,0.9417549092641492
0.7306982250475587,0.8688330094093442,0.9085378897174641
0.8272438311553433,0.9399066660164052,1.0
0.926155747911156,0.9637453097242856,1.0
0.9604993101499972,1.0,1.0
0.8576161482019893,1.0,1.0
0.7265255354386999,1.0,1.0
0.6916383665167994,1.0,0.9603175455104709
0.6737050978537011,1.0,1.0
0.5575318571234236,1.0,1.0
0.5794656739997783,0.9369290602489416,1.0
0.6732620275825354,0.880803281610312,0.977088661887251
0.7181162058148656,0.8841114098456093,1.0
0.8951792684981692,0.9875705395451131,1.0
0.9762601271614002,1.0,1.0
0.983733168067619,1.0,1.0
0.9168450398861193,1.0,1.0
0.908822446999295,1.0,1.0
0.8470772028135761,1.0,1.0
0.790461713869592,1.0,1.0
0.7413491187146397,1.0,1.0
0.7200588117289636,1.0,0.9785580584992504
0.8377848397713308,1.0,0.8927486244840375
0.9001796069877116,0.8959817265327792,0.9890094503277544
0.9293013845513626,0.9498165295894875,1.0
0.997301439144242,0.9646411956439046,1.0
0.8170823729891663,1.0,1.0
0.8060620587255908,1.0,1.0
0.7520437409269665,1.0,0.9786189404611835
0.9813516135039462,0.9618149239527163,1.0
0.948901935551104,0.9643131610556328,1.0
0.9929307165744151,0.9950510220436446,1.0
0.9452945155157582,0.9937201429931032,1.0
0.9062543112497843,1.0,1.0
0.8323951564084129,0.9775195115476295,1.0
0.9690396488351007,0.9579362716697195,0.9850728393312393
0.9352247467406052,0.881544318039701,1.0
0.9127123990555223,0.9251037512900604,1.0
0.8448275485922082,0.9864063968449776,1.0
0.8100936531074575,0.9741184868051116,0.9926038149324845
0.9726469822575206,1.0,1.0
0.8694231557635183,1.0,1.0
0.9554290737660215,1.0,1.0
0.8178406077387833,0.8257221026250692,1.0
0.8682997194312165,0.8472456933496924,1.0
0.788460003591142,0.8507092320151124,1.0
0.8336600630597888,0.8838592145311733,1.0
0.928366298547123,0.8815441035038014,1.0
0.9445882612869446,0.8855439019811293,1.0
0.9590715210732114,0.8757050357304778,1.0
0.918489744913353,0.8418356567676338,0.9593589300803324
0.7832268567714016,0.8176004816427925,1.0
0.7498532729625345,0.931630778964172,1.0
0.7685042273958637,0.9532324418806029,1.0
0.8167071279936383,0.961371342940232,1.0
0.8905941008554032,1.0,1.0
0.9879201431484311,1.0,0.9540487372862427
0.9939932560833411,1.0,1.0
0.8985133575770122,1.0,1.0
0.7153118395957034,1.0,0.9097205595233292
0.5560388757838268,0.6500971535018787,0.9107252246042945
0.6643665981134868,0.7017986785368918,0.9173583704608316
0.6888542425437589,0.7193711793362056,0.9104719148419952
0.8366900618240279,0.7247161954072725,0.9313441395513359
0.9088940443766111,0.7603142799597751,1.0
0.9727042184120253,0.7594215667245441,1.0
0.9699204540575341,0.7572017293871365,1.0
0.8871281380642795,0.7547087492429505,0.9710232822152587
0.7807484295804804,0.7128349735430943,1.0
0.7947756375385704,0.809374104992203,1.0
0.89035231005174,0.9110848990825013,1.0
0.9459166232377434,0.9873334490662004,1.0
0.9944590468733592,0.953612158840434,1.0
0.9487078675262749,0.9418002280139625,0.9988685757820376
0.8661014515045439,0.9862978346733334,1.0
0.949989244414976,1.0,1.0
0.9611494327137319,1.0,1.0
0.8757628850816551,1.0,1.0
0.7595733302882649,1.0,0.8785920745995119
0.4311870580492836,0.5486443999013016,0.7550058392750013
0.6127871162942626,0.5874301224334085,0.759626608591589
0.7880186117167228,0.603896411578986,0.7532175190149379
0.9075170101915537,0.6112687196890438,0.7953360368407594
0.937325648028729,0.6466990013489222,0.924979780269529
0.912296100533528,0.6460927610037895,0.9657097625544298
0.8791547915408158,0.6416877843111741,1.0
0.8680596443317001,0.6408228031979523,1.0
0.9096607376985074,0.6400429194452826,1.0
0.950531148241278,0.7398197316321034,1.0
0.9643705412408614,0.857927916011886,1.0
0.8944514093499968,0.963811586502271,1.0
0.8557804836412635,0.9904151477907215,1.0
0.7911120382808378,0.9379484168644805,1.0
0.7199049953474654,0.914688309336231,1.0
0.8059639355188928,0.9926062250289429,1.0
0.8962804251660808,1.0,1.0
0.9924449704539415,0.9947119184094065,1.0
0.8932674082917894,1.0,0.9988373716493578
0.24774787997592096,0.3732897252687313,0.5342010354889417
0.43109571272424263,0.42919810488097665,0.5808626053394312
0.6126529453067533,0.4593459242673512,0.5843690954035419
0.7877736394597696,0.4760682792430798,0.57849041254043
0.9069569444536252,0.4874005255463788,0.6858044385488952
0.9117934346724788,0.5189068642436907,0.7500809203203241
0.9025177877214313,0.5184614829134531,0.8414520618624747
0.9763210888431262,0.844497114979247,1.0
0.958906949673447,0.9501196182099977,1.0
0.9990210870000775,0.9613080369618779,1.0
0.8206670480504026,1.0,1.0
0.6354653442468781,0.9144117254268923,1.0
0.6428346724151928,0.8933636496270648,1.0
0.7493248502909279,0.9844229454717452,1.0
0.8994797122822134,1.0,1.0
0.9710250454426567,0.9797580020692327,1.0
0.38160601331584887,0.3186101013117947,0.42413369479741814
0.5430580041573079,0.3436584576844317,0.42663733353429945
0.6778250576461058,0.36091486018753927,0.45135853996354414
0.7404964404964334,0.37628153443285783,0.5496471114555621
0.7458923539202705,0.40333386945598104,0.6050198289923812
0.9700526401939786,0.7871536675650409,1.0
0.902713269206057,0.8774369900837807,1.0
0.8481901308603167,0.9249635728130566,1.0
0.7523900933960428,0.9736334748517591,1.0
0.5974617287564818,0.9694112893408131,1.0
0.5018003870337415,0.8809447588126698,1.0
0.6365036884764941,0.9219743707148518,1.0
0.7821615894557479,1.0,1.0
0.938446087180906,1.0,1.0
0.28384128486569504,0.19381962137035957,0.2498582168322383
0.41753362140669315,0.21487655173069342,0.25137982034625206
0.5159892923638194,0.23253233173062415,0.3104300119673993
0.5554370679029175,0.25220630048420756,0.3857386216400498
0.5614597651857649,0.2746165399704392,0.4800571553601817
0.8566429595362023,0.7479829927840893,1.0
0.7625195486029162,0.8750251802659526,1.0
0.6755898471606854,0.9756062645751558,1.0
0.6013986313749002,0.9912231444042331,1.0
0.4904794707698257,0.9952188161676335,0.9658517499274885
0.5024196701084527,0.9528141319466231,1.0
0.6287468187559069,0.8493631391511487,1.0
0.6896044748042846,0.9398495264006721,1.0
0.8538212577659192,0.9971991953806968,1.0
0.16995500551535347,0.08043939391676291,0.09251340064366309
0.28211586867780825,0.09891561929793691,0.09364805847700941
0.35940958514310495,0.11675625982262205,0.1720467011271939
0.3887977975588245,0.13921965757114607,0.24418204503606378
0.3952004555321581,0.15861510296364545,0.3537588569804807
0.6310146379710182,0.8544052601836255,1.0
0.516677332607583,0.9241951236772923,1.0
0.4517709903352721,0.9695094943228297,1.0
0.44286623976710116,0.9985090798319334,1.0
0.6032178327807635,1.0,0.9518970646765778
0.7507423447855922,0.9426390876004997,1.0
0.8563073133781333,0.8681181108772474,1.0
0.798352676081513,0.9201031289173334,1.0
0.38994297942796863,0.9674422573271726,1.0
0.30596660245345586,0.9826370841170708,1.0
0.48999562809436714,0.9992590349851963,1.0
0.6726723420019081,1.0,0.9778049288728414
0.8490067208789797,1.0,0.9121043089524029
0.98685939475889,0.9751279869401849,1.0
0.8133063837910123,0.8597448874263185,1.0
0.6760819785677235,1.0,0.8519982744386684
0.820834950123553,1.0,0.7701591422606687
0.863736169798939,1.0,0.960603177446796
0.727935915689667,0.9600149637364673,1.0
0.5716530053697602,1.0,0.7151975943002442
0.6851440651649661,1.0,0.7187272939153478
0.7074232273914157,1.0,0.8520020863499431
0.6187627771248496,1.0,0.9014958659854967
0.5763266419952737,1.0,0.8724572892097582
0.594558049006416,1.0,0.7864039461799691
0.592895858084143,1.0,0.7009894187742218
0.5721128065114645,1.0,0.7910609938250792
0.7310955404913553,0.9933156338900311,1.0
0.7612532258677326,1.0,0.9296284914309272
0.7595833620600456,1.0,0.8265840930572861
0.7260438829209421,1.0,0.7396040414354496
0.8643729979363485,1.0,1.0
0.9464700890469733,0.9446918189447554,1.0
0.9447916998110485,1.0,0.9752994060482949
0.8578837788185751,1.0,0.9053498090408578
0.8282757794619785,0.9593076876763811,1.0
0.7670848049010806,1.0,0.8781860697183614
0.9021552331889757,1.0,0.9892773887017137
0.8042951822972562,1.0,0.8419768788645787
0.9570347447521098,0.9699909305701169,1.0
0.9474800546362365,1.0,0.9221163749651068
0.8526240282265763,0.9426559462353568,0.7756462947483662
0.7731931249458632,0.813671823541648,0.667629749792602
0.9930089248550948,1.0,0.9946123857874233
0.9781492315931842,0.9256107941719324,1.0
0.9824435004593135,0.9209639465014415,0.9019375960799763
0.9425226196963971,0.8016335439325537,0.8345441226016259
0.8717778382454937,0.722088002753901,0.7924852895854846
0.9613856473338349,1.0,1.0
0.9899214601266632,0.9929501677666632,1.0
0.9034106095133347,0.938378029155065,1.0
0.9737711620447094,0.8871915546376047,0.9922184321692826
0.9726718389498761,0.8158872278976618,0.9421016482298494
0.9608699439607437,0.7440041309836745,0.9016877544824131
0.8521310609270073,0.9312082966205582,1.0
0.963223619027012,1.0,0.9404864589969968
0.9369183564058595,1.0,1.0
0.8139100396671753,0.983897395963874,1.0
0.8170823272998139,0.9173490725536106,1.0
0.883579733234626,0.8386273230291451,1.0
0.943723222361984,0.8432559537005175,0.9907945513154388
0.8008344214227873,0.9182099297198603,1.0
0.920702127647794,0.8952656339697902,0.9841958620675796
0.9873385749385455,0.9831040812720854,0.9700617089214342
0.9096191299170698,1.0,1.0
0.7758400949893474,0.989013401235208,1.0
0.7322823619176128,0.9678001848775881,1.0
0.7955077037040295,0.9635680649103135,1.0
0.7677101967757392,0.9917675423911593,1.0
0.7059233942749825,0.9779578383461471,1.0
0.8798311152213429,0.8986119439163828,1.0
0.9763556210831255,0.8992375439346654,0.9287099762275789
0.9838441307439239,0.988707404022372,1.0
0.8739967063259162,1.0,1.0
0.8228039749093705,1.0,1.0
0.960684323032536,1.0,1.0
0.8323199558528822,1.0,1.0
0.7115405385696321,1.0,1.0
0.600607221401444,1.0,0.9934942704370047
0.6533338011465204,1.0,0.9145532902271382
0.8329727816341712,1.0,1.0
0.974411931029907,0.9304345472708904,1.0
0.9180579637954734,0.9137173199112786,0.9044680471217565
0.992824677699858,0.9949770003612883,1.0
0.8691984653563612,1.0,1.0
0.9057752213193103,1.0,1.0
0.9713317446726398,1.0,1.0
0.8632852526013999,1.0,1.0
0.7639442044875251,1.0,1.0
0.6263397148644305,0.9665136857020873,1.0
0.602717396036063,1.0,0.7713624480027506
0.7345330743524392,1.0,0.8828673333270225
0.8385118912466287,0.9789942191675964,1.0
0.971008288048991,0.8664394900947606,0.9865962689612254
0.8840708409132203,0.9190525567926043,0.8993435560266417
0.9927388465346776,1.0,1.0
0.8933067362888159,1.0,1.0
0.8948540693303633,1.0,1.0
0.9928341968450085,1.0,1.0
0.8632945547556152,1.0,1.0
0.679709121403783,0.963434348595543,1.0
0.6899313234621873,0.9713070080308884,1.0
0.6791007005765939,1.0,0.8828710093386672
0.5803458734486014,1.0,0.9008905455871141
0.7218001924992907,1.0,1.0
0.869263387929822,0.8961034156863388,1.0
0.9908096866268603,0.8282452701754173,0.9797515068747082
0.8559781107010725,0.8941720381211282,0.8694876740569377
0.983771800175877,0.9733860515528374,0.9724512410610558
0.9515107146955936,1.0,1.0
0.9010068014525895,1.0,1.0
0.8112336240400209,1.0,1.0
0.750093647748424,0.9655953034911889,1.0
0.7482159094707362,0.9476434896526572,1.0
0.9333435467122408,1.0,1.0
0.6649341063346277,0.9626771853930507,1.0
0.4865164127894086,0.9323967290975996,1.0
0.632919615710771,0.8938433464699712,1.0
0.7840662490376539,0.8346564907120994,1.0
0.9185910084517526,0.805771415558798,1.0
0.9816001810896171,0.8019410021763668,1.0
0.9440231163401,0.8759588550020562,1.0
0.8854915015132351,0.920044364978042,1.0
0.9726056067871008,0.962662516256542,1.0
0.9684267328167914,1.0,1.0
0.9012409936303969,0.9991678457756423,1.0
0.8029273416003739,0.8713937861585538,1.0
0.9017988415909581,0.9475115048242274,1.0
0.976175848284047,1.0,1.0
0.8885194898253821,1.0,1.0
0.5306882043288977,0.9826643439521245,1.0
0.6648973584135468,0.9436698036671357,1.0
0.7796615231057009,0.9165190334081647,1.0
0.8335537630578166,0.876771102420233,1.0
0.8045444951033047,0.8516482441677997,1.0
0.7121486475675036,0.7968741844322667,1.0
0.8202594586242926,0.848434438131782,1.0
0.9623236700997829,0.8983488420969468,1.0
0.9456652394366587,0.9325529447973089,1.0
0.9435120386608267,0.8366302932317762,1.0
0.8624767038395851,0.9039763798571023,1.0
0.9797928138156015,1.0,1.0
0.9631672634545342,1.0,1.0
0.4185503356717274,1.0,1.0
0.5389776618275911,1.0,1.0
0.6294534684225962,1.0,1.0
0.6671107137915795,0.9908823060128799,1.0
0.6536896066470677,0.9663906355015455,1.0
0.7619297658575244,0.8746195615497517,1.0
0.9282503974187422,0.9068676038292699,1.0
0.8589582606119488,0.8651907507816211,1.0
0.8820534113090611,0.8655273343740251,1.0
0.9706133407742116,0.8542887595864099,1.0
0.8663124287827443,0.8743256050158269,1.0
0.9701851987372792,0.972227763023832,1.0
0.8381965792371164,1.0,1.0
0.7284598784947831,1.0,1.0
0.5800622418694492,1.0,1.0
0.9167651101110603,1.0,1.0
0.8935428046014213,0.9256362414562329,1.0
0.733167060592165,0.979680831278672,1.0
0.8845358793735602,0.9629324290138209,1.0
0.9908461471541397,0.8468333748474685,1.0
0.933172816644162,0.944898002510728,1.0
0.8717171884784847,1.0,1.0
0.8198681188866006,1.0,1.0
0.7420992796757611,1.0,1.0
0.7333621181653687,1.0,1.0
0.9634851442397181,1.0,1.0
0.793669902626036,0.9971728810358282,1.0
0.9287528429440088,0.9775014377267216,1.0
0.9609236054666584,0.9433542348117081,1.0
0.9881143974996176,0.9457124683119079,1.0
0.9637639630467749,1.0,0.9347701513842281
0.9701616431355488,1.0,1.0
0.9175929264261943,1.0,1.0
0.8564289266348466,1.0,1.0
0.9414474957419476,1.0,1.0
0.863158496209913,1.0,1.0
0.8733991475078539,1.0,1.0
0.9749835571496376,1.0,1.0
0.8899895587614273,0.9202427719144999,1.0
0.9447490903834902,0.9846496944960192,1.0
0.987963602795058,1.0,1.0
0.9327913470028971,1.0,1.0
0.9467995674354068,1.0,1.0
0.9069856153363576,0.9809354109190782,1.0
0.9933395281408115,0.9185185976600028,1.0
0.8791775147181649,1.0,0.9962946683284741
0.9467621037569093,0.9975329766928802,1.0
0.7998040127117163,0.9797421155107533,1.0
0.9744574395886507,1.0,1.0
0.9920212915460687,1.0,1.0
0.8460671694293492,0.9932780687026576,1.0
0.8492135387248955,0.9441240835478895,1.0
0.9422971637054489,1.0,1.0
0.9847669439891431,1.0,1.0
0.9555732844556923,0.968970637023916,1.0
0.8622474992062974,1.0,1.0
0.8106658292826029,0.9116084615698502,0.8702968026508731
0.9376035844387393,0.9529853845687363,0.9553419571984176
0.8011600079914052,0.9802584098677944,1.0
0.9186747247849376,0.9935546740871398,1.0
0.9615261095593355,1.0,1.0
0.8739931715947702,1.0,1.0
0.760189936302293,1.0,1.0
0.7882207228591136,0.96873308531364,1.0
0.8667886627140171,1.0,1.0
0.9505054695011902,1.0,1.0
0.9991747921728815,1.0,1.0
0.6930100583583534,0.7932428263823984,0.7226917397301482
0.7524567838524803,0.8253992487354493,0.792746416926509
0.8230424135379442,0.8597084330883381,0.8525467485452496
0.9655367850943799,0.9728302829679432,0.9320683682965955
0.9774667011857399,0.9842551538523825,0.9569910972757607
0.9816941039232225,1.0,1.0
0.9109456425314121,1.0,1.0
0.7451652354985581,1.0,1.0
0.7739926388944687,1.0,1.0
0.8673017303847457,1.0,1.0
0.9203110111382804,1.0,1.0
0.1381412277528563,0.4800484372758107,0.5900389251299222
0.29492778509682926,0.5604389751474073,0.6554404932535371
0.43425331132188194,0.627725567035291,0.6687608412765547
0.5477202226612953,0.6845379656896766,0.6398077037376984
0.619821528034704,0.7105739092341599,0.6437994572728738
0.7849483577106033,0.8242117489497855,0.7742151310263647
0.8712656006714353,0.9127547498397871,0.9039288793348211
0.8574553583014981,0.96924757229924,0.9710123303199808
0.8855400509507089,1.0,1.0
0.8809523433739094,1.0,1.0
0.7396161222464799,1.0,1.0
0.8735196556804649,1.0,1.0
0.978410150294428,1.0,1.0
0.9194578786398653,1.0,1.0
0.15171814618455592,0.4077742862635749,0.7119963854003621
0.31007015724279474,0.518324766833113,0.8104563917959965
0.45132843218556684,0.616941576780693,0.8255876260153098
0.566603584024072,0.697418757640659,0.7958496591487211
0.6300145964141108,0.741687975206101,0.7028698225122735
0.6765446009604541,0.7741701995560059,0.6752998650808044
0.7049060847718771,0.8134084666265282,0.7633629255333705
0.7271015686764242,0.8982219544136785,0.8451353834208664
0.743344176355694,0.9881347932922518,0.9723997361223098
0.7938796544630065,0.9973643183348565,1.0
0.8806104092079738,1.0,1.0
0.9837895204466732,1.0,1.0
0.8909302024192319,1.0,1.0
0.7591875795725789,1.0,1.0
0.22079538352146488,0.4559992613237449,0.7967443478470135
0.39702270418479135,0.579029053358705,0.9607231458581115
0.565695964753697,0.6967851203041731,0.9996371833862213
0.7253844512935179,0.8082686361144443,0.9498210331930013
0.8044962516796623,0.863499058976529,0.7783540900128938
0.8571921667306442,0.9002866906384785,0.7897799406869248
0.8876121512755201,0.9215232590046375,0.8514693207322319
0.9121879371366644,0.938680753599336,0.8959822861323107
0.9271454211549143,0.9491240721398481,0.9169110738133772
0.9649476367813536,0.9755142327736371,1.0
0.9577760356949976,1.0,1.0
0.8642932341388319,1.0,1.0
0.7746667961928094,1.0,1.0
0.8803049953340509,1.0,1.0
0.2485707734622058,0.47539012782070345,0.761686189871389
0.4333713708263903,0.6044051918645359,0.8702166408388834
0.6177605527282981,0.733133033935218,0.9236888784653606
0.8186100535769858,0.8733523383355144,0.9336627951206878
0.9615285379880286,0.9731281941571346,0.9090790455510476
0.9814922455441881,1.0,0.9443282726762263
0.9476321773476298,1.0,0.9912341496008862
0.9212735200945514,1.0,1.0
0.9073602905292784,1.0,1.0
0.8756315699457493,1.0,1.0
0.8089063425314572,1.0,1.0
0.8206605753868597,1.0,1.0
0.9163802199867142,1.0,1.0
0.9828009922892894,1.0,1.0
0.33226680828800137,0.533820954423156,0.6355441674050011
0.4177504829894416,0.5934997625886018,0.7018473757962371
0.5949651736573598,0.717218868436365,0.7605614034826502
0.7745056694994815,0.8425616914570331,0.8054551592811399
0.8681386873340197,0.907929819955426,0.9301099074705294
0.9246918580561583,0.9474113454981493,0.9866578245791221
0.989888226465691,0.9929269758727822,1.0
0.9525419018631369,1.0,1.0
0.8896153386048418,1.0,0.9413601537344801
0.8306993650983818,1.0,1.0
0.8984656646271733,1.0,1.0
0.9783008513759072,1.0,1.0
0.9250834566487133,1.0,1.0
0.8293638120488587,0.9765119254381838,1.0
0.5321267726377863,0.6733494315812394,0.5595575078828172
0.5621861852507565,0.6943348337043995,0.6152100759163317
0.6455109675178391,0.752506464499731,0.7034282205518079
0.7090155126019398,0.796840962803413,0.7792099894305053
0.7676597219152907,0.837782312901064,0.8366060576697318
0.8342167380499679,0.8842478555124466,0.9079422873719274
0.8879379557935964,0.9217523109096288,0.9683252132828616
0.9587020940239863,0.9711549623248409,0.9698390014421825
0.9858624024462299,1.0,1.0
0.9464511846264386,1.0,1.0
0.8750610923493709,1.0,1.0
0.7958639258582803,1.0,1.0
0.8627003505801015,1.0,1.0
0.5397508798414148,0.6786720575895968,0.5423674918533896
0.5885045120242628,0.7127084829933716,0.598524003675677
0.6368818633174713,0.7464822296429423,0.6395905459467541
0.6773289549852348,0.7747196077298564,0.6864296842236783
0.713738428794225,0.8001381964795027,0.7329759205957533
0.7446487968998288,0.8217176829280554,0.7508962594584194
0.7515803534749588,0.8265568210206212,0.7648168424643238
0.7446904032923658,0.8217467328172423,0.7700295673159215
0.7472417186081437,0.8235278765208074,0.7785193841206186
0.7348244295298563,0.8148589795121632,0.7729107383422252
0.7503370842806416,0.825688847893045,0.80145124456664
0.8004313113973206,0.8606611827199818,0.8579134755805615
0.8823825670309597,0.9019696883636609,0.9117064406933661
0.9514764214455054,0.951061241957663,0.9618948085278269
0.9932483794185579,0.9985337938803307,1.0
0.96549395901428,1.0,0.9652670204256485
0.9636925652426149,1.0,1.0
0.6267567564019036,0.7394135806249316,0.6207328753222741
0.6994482616464253,0.7901617792549911,0.6919473781678008
0.7494622490956551,0.8250781001540395,0.7503851474505748
0.7975852271482405,0.8586742651305506,0.7955776618105407
0.8407794455260297,0.8888294961382934,0.8415787313907244
0.8771889193350197,0.9142480848879397,0.8858726626382649
0.9104931703604215,0.9374988221391823,0.9089022331084791
0.9118663827126763,0.9384574801420624,0.9227984818575337
0.9112581292921622,0.9380328591259723,0.9283763217052373
0.9139383113645242,0.9399039699809962,0.9368892998519868
0.899423293269874,0.9297705900617401,0.9310696938278855
0.9170263410736011,0.9420598198882381,0.9135379821846754
0.9214970344118986,0.9451809619895074,0.9008639251351604
0.8949971000232058,0.9266805183802607,0.8852479878550836
0.8698563876210124,0.9091290050083312,0.8578666498882945
0.8470117779609999,0.8927406278055728,0.8629227536287286
0.8968136667669518,0.9279496089702876,0.9223215234832152
0.9330993202987243,0.9532808625263545,0.9653192628201667
0.8760095142815596,0.9134247004656837,0.8601347197526807
0.9282322749728762,0.9498830431211839,0.9184357416873107
0.9765098876084909,0.9835871542525789,0.9687031320407541
0.9776480871629636,1.0,1.0
0.9412386133539735,1.0,1.0
0.9052746680431555,1.0,1.0
0.904895932385271,1.0,1.0
0.9037058084423849,1.0,1.0
0.9008824410849293,1.0,1.0
0.9158390256177997,1.0,1.0
0.8978025624463202,1.0,1.0
0.8940308565406674,1.0,1.0
0.9244098622163271,1.0,1.0
0.9897416959106485,1.0,1.0
0.9730434304829861,1.0,0.9982110001731138
0.97340774914855,0.981421507697229,0.9577485006876655
0.9240221831716864,0.9469438321219779,0.9137247152039101
0.912003383916304,1.0,1.0
0.8625681199182098,1.0,1.0
0.8142004642530966,1.0,1.0
0.7777881228131787,1.0,1.0
0.7413786490041885,1.0,1.0
0.7394243449269937,1.0,1.0
0.7371380824425886,1.0,1.0
0.7341858483285488,1.0,0.8992626889815032
0.7491530808291896,1.0,0.9063498156679468
0.7311133056533606,1.0,0.9145239556616565
0.7282393331442638,1.0,0.9579178474992932
0.7998609835926342,1.0,0.9476733757840577
0.9656187433540325,1.0,1.0
0.8923172154828336,1.0,1.0
0.8663280047356303,1.0,1.0
0.9163173093470438,1.0,1.0
0.7016115621898444,1.0,1.0
0.749910016235548,1.0,1.0
0.7933463747012173,1.0,1.0
0.8294783635633727,1.0,1.0
0.8647600302896649,1.0,0.9282260625560892
0.8948827129887178,1.0,0.9846452656994558
0.8002984693486539,1.0,0.8931485754632235
0.629425235811627,1.0,0.9399090370068246
0.5644240488604011,1.0,0.9516284272124614
0.5686410605382965,1.0,0.8907941153115752
0.7213972145590919,1.0,0.9665562389951252
0.8984101176108727,1.0,0.9798527128027492
0.9296457253882804,1.0,1.0
0.7534749818488565,1.0,1.0
0.7599293718867431,1.0,1.0
0.9167130218774097,1.0,1.0
0.9734273912359533,1.0,1.0
0.9883825914365856,1.0,1.0
0.9522751144192068,1.0,1.0
0.9236691382293207,1.0,1.0
0.8112459717419436,1.0,1.0
0.6352085043315046,1.0,1.0
0.45306834508015703,1.0,1.0
0.49378215767525735,1.0,1.0
0.662214995976498,1.0,0.9899822075795843
0.8415399022748535,1.0,1.0
0.9899723983659794,1.0,1.0
0.8942878737433768,0.9950711486600853,1.0
0.7849952828611451,1.0,0.9813322858920527
0.9285660145050038,1.0,1.0
0.7876539461561529,1.0,1.0
0.7589669946036229,1.0,1.0
0.6992286762902089,1.0,1.0
0.566514315026361,1.0,1.0
0.4050444983318292,1.0,1.0
0.43991959563081895,1.0,1.0
0.6114328120908015,0.9739233767497191,0.9984537959040761
0.7632445669657381,0.9734902670716652,1.0
0.8921404080641352,1.0,1.0
0.9922113202702719,1.0,1.0
0.9430443718590148,1.0,1.0
0.8202776918504121,0.9148222326484535,0.9994121720739879
0.7880784328942277,1.0,1.0
0.7290613163882965,1.0,0.9623675071031088
0.9485378872282038,1.0,1.0
0.8835803490517802,1.0,1.0
0.9001885499140315,1.0,1.0
0.976899294912004,1.0,1.0
0.9842481738515473,1.0,0.9949309985295589
0.9960177725648678,0.9840568081113247,0.9623490718698929
0.9792041550428201,1.0,0.9511881147606737
0.8630565117048041,1.0,1.0
0.9112854746670326,1.0,1.0
0.9419379429850071,1.0,1.0
0.9887537330812537,1.0,1.0
0.983391777658136,0.9883916014360187,0.9578311111731975
0.9572761413506577,0.871142741371083,0.8013136888116024
0.8367227638881838,1.0,1.0
0.9363275084980501,1.0,1.0
0.918469871062918,1.0,1.0
0.8343337303804503,1.0,1.0
0.947723607884623,1.0,0.9537401249113906
0.9193434919442512,0.9163518877180841,0.795721651372554
0.8973077714172062,0.7961360351750232,0.6257292307992326
0.9917516640590126,0.9811899277244348,1.0
0.9247583238235059,1.0,1.0
0.963854936216495,1.0,1.0
0.9283134518862832,0.997918767036092,1.0
0.8819941738220183,1.0,0.8939533014964952
0.9399408347462288,0.9580570924576441,0.7648398322766092
0.8671305194480088,1.0,1.0
0.9112497848415783,0.9424560762873916,1.0
0.8710919221378812,0.996854434053013,1.0
0.9009627428598587,1.0,1.0
0.953611217462854,1.0,1.0
0.9969740217142427,0.9978736223884171,0.8449261564616847
0.7716268441533967,1.0,1.0
0.8760928559899189,0.9790314852751939,1.0
0.9659369275423879,0.9543274397554835,1.0
0.9479174674609531,0.9934018888437542,1.0
0.9095586106920446,1.0,1.0
0.9545618387543112,1.0,0.9129272070421032
0.9224628090633035,1.0,0.9889930685655219
0.9912258654683257,1.0,1.0
0.8880231826893303,1.0,1.0
0.8689340281835771,0.9970704770146682,1.0
0.9245907093296983,1.0,1.0
0.898278062402493,1.0,1.0
0.8434619003305783,1.0,1.0
0.9504386370339036,1.0,1.0
0.8317715844710087,1.0,1.0
0.9683135339389848,0.9778649995237481,1.0
0.9911458041938602,0.9938049194011573,1.0
0.9860611143966963,1.0,1.0
0.9701210758047916,1.0,1.0
0.8559696235474393,0.8994342158033,0.8547842751680792
0.8073330438372008,0.865479495136323,0.8609527472652547
0.8301653140920764,0.8814194150137322,0.8850285033172489
0.9921629582790524,1.0,1.0
0.9326631492895854,0.9529763733628622,0.9451008057323809
0.8430925808768464,1.0,1.0
0.7175607938563948,1.0,0.9544167177710362
0.6634016502182428,1.0,1.0
0.575964612797292,1.0,1.0
0.5346797618538319,1.0,1.0
0.439621641949305,0.9728581648925795,1.0
0.3381288254979393,0.9605458626337465,0.9915679318861872
0.41402702987955486,1.0,1.0
0.5013780769472127,1.0,0.988358669489443
0.6320157109628077,1.0,0.9837140628707993
0.746004157228521,0.993423429235401,1.0
0.8204910771725912,1.0,0.9591675387805634
0.41516750502401933,1.0,1.0
0.37721462896137503,1.0,1.0
0.38108505562164696,1.0,1.0
0.47738078490690217,1.0,0.9388745541185207
0.5716277032091817,1.0,1.0
0.6032521624932793,0.9970019345718368,0.929017012287375
0.552866304719303,1.0,0.911904619397475
0.5958665516997547,1.0,1.0
0.6651092178512475,1.0,0.8959341337621671
0.5294983767076961,1.0,0.9555039560738096
0.6352998871931228,1.0,0.8939944208858668
0.7341202285058702,1.0,0.9391995843920913
0.7879354377321135,1.0,0.8907709869904382
0.7042133081949409,1.0,0.7758806506427929
0.554329213895039,1.0,0.8428348190843595
0.6374348463111428,1.0,0.7990525640835406
0.7752613784673168,1.0,0.770449803238559
0.8730432187510069,1.0,0.7824889181989161
0.9505535169125954,1.0,0.7569328747845823
0.7879616724369021,1.0,0.6546337677355434
0.9833389148374807,1.0,0.6248592000956087
0.9244923310063193,1.0,0.6069689933446302
