DEM_9s_dx,DEM_9s_dy
-17.328814,12.403555
4.16198,6.167956
14.056244,4.3181143
-7.3919425,-13.348177
3.915828,1.3151832
-0.42786688,0.9638649
0.4451597,2.4195046
-4.851884,12.320812
-7.512386,12.604196
0.25064066,2.0328395
-12.117274,-14.832133
-0.55455726,2.2981167
4.531054,2.747411
-0.015158634,1.6877314
-0.6383017,0.6611595
-6.543284,-7.4211993
-6.1616898,-14.712535
-2.750016,1.7991618
4.136886,19.600952
19.951904,-39.992195
-10.452407,4.097255
1.6145757,49.53541
-3.4351716,-3.1599166
-0.8242752,0.19096497
-0.40361887,1.1710484
-0.13517311,16.14334
-0.22456545,1.5720152
-18.890423,-26.595675
-10.998124,-14.674251
-4.7530837,6.5694137
-9.032282,4.7848186
-6.002865,-20.415712
-2.0736644,2.8187284
-15.504354,-7.993439
4.8324456,-11.725709
-15.391218,7.567158
-2.9173083,-3.9365153
0.26110056,0.4737742
-2.651559,0.16304094
-24.199642,-43.634445
-5.857237,-15.123044
-0.6334742,-0.037947174
45.914986,-5.3718147
-1.0230702,9.544255
-4.09529,-17.805689
-1.910806,59.61486
6.5762763,4.018518
38.47856,-5.573032
5.4162984,35.716385
-10.039048,-11.424123
-2.1458654,-10.015566
-2.1491444,2.6756861
-1.440443,-10.049668
-8.477443,-6.054546
-23.74462,-14.623257
-2.4655013,-1.3916174
1.2322026,0.33250928
52.350315,-42.237003
49.97401,-22.148762
20.97915,-23.636168
0.5857694,-0.8099338
-2.6517324,2.5997052
-11.946135,3.3101902
-7.970713,-18.704727
0.5371886,-0.8609575
-10.567698,3.8459764
-1.2303016,1.0748204
-0.164669,-0.9600603
-8.276212,-11.7071295
-7.060466,-20.711573
-5.6435776,-7.2864833
-4.4685664,1.0150084
-5.1764646,1.8027042
-13.266325,0.98027194
-2.570842,1.8368766
-9.515756,-10.566694
17.643427,42.552723
1.2322026,0.33250928
-2.953117,-0.19536023
-0.1716924,-0.41139978
-7.887418,6.9644294
-1.0586714,1.6595216
-3.0805643,-2.4201844
-1.534151,-1.938087
0.34763345,1.4147056
3.6531942,-2.336146
-0.3876646,-2.0208304
0.62575525,7.360712
0.2749638,8.672566
-8.005415,6.2295194
-3.6688888,-2.2666802
-14.702953,3.4722342
-3.9858832,-2.225944
3.6929708,-1.5407436
0.42014268,0.5597893
-1.8438579,0.70744663
-1.9078583,7.8797355
-2.7325735,2.2993398
-9.280305,3.6031008
-1.6274987,8.899187
-3.0039418,3.180802
5.902938,0.8701299
1.1925174,-17.195637
0.13635786,4.6738305
1.2215242,9.310533
0.18462603,4.8165913
6.1665306,-6.66811
2.9290996,0.6831576
-0.8498917,-0.3289044
0.41765058,8.336998
-3.9031572,-8.75953
4.2372007,6.1416554
53.872944,-32.567818
-13.638036,-8.193805
-17.57613,-21.045492
-5.827315,2.5045989
-2.4310324,-0.20423034
-8.716079,-11.57546
33.46882,-30.349417
-0.61202717,13.441044
-24.106035,-22.539186
-0.9644935,2.3653672
-1.626327,1.9189972
-12.111184,-20.497988
-5.0273438,-4.4380836
-28.974546,2.6940227
-5.6314597,-7.758228
-6.617416,9.364965
-7.862873,3.4979174
-5.0791483,4.452319
1.6101009,2.0770338
1.7563429,8.352295
-30.094248,-23.482626
8.448276,-0.8047402
-9.9244995,-15.571617
-1.5126935,2.1977444
2.9947329,0.72203374
-7.881375,11.934206
1.8503363,54.50599
3.2494147,2.630942
-1.0210307,-0.5260738
0.48080137,-6.5386977
-7.817602,-3.7632287
-0.538609,0.6499334
-14.8062935,1.3340311
-0.12803727,-0.49681726
-18.85369,-21.31214
-7.715165,0.15473343
-39.425735,-19.561378
41.488533,-26.9747
0.14780974,0.9807642
-5.44777,-4.009335
-9.627958,11.426023
-1.6328393,0.5550606
0.8524949,-4.050765
0.8317851,3.5225625
-11.263808,-2.2961476
-1.180844,1.2048551
0.10814016,5.864607
-6.654647,2.2039976
2.62217,-2.683228
13.654398,10.864753
-15.264796,1.4014105
0.17245914,3.7257526
1.1923449,3.5264618
-11.866738,-11.13558
-2.8195965,-0.12736137
-5.5828123,-11.284059
-2.4679022,-8.014941
-1.6088656,-17.747217
-8.064853,5.3893304
5.786181,-4.700219
-8.805972,3.8639212
-1.7846811,-1.1384637
-9.75406,10.233698
0.19899628,1.0086927
18.489235,27.697575
-16.551737,-4.339504
0.8632827,2.4501674
-34.622368,11.893969
4.5184774,-1.3625609
18.942122,29.20662
-11.149928,-2.8508995
-1.7958494,4.740158
-6.483979,2.2016008
0.1398277,1.150569
-0.066847526,5.1104484
-6.72441,2.5787063
0.30649504,1.2112392
-12.989546,-9.111369
-9.986485,3.4799895
8.406732,8.513646
-5.672943,-4.9716315
-8.333015,-6.2864094
-7.0054307,9.975047
-34.74531,-22.277224
6.4461455,-1.3859074
-3.74326,4.7061114
-0.2921666,1.9840256
5.56196,10.144648
5.5049143,8.647474
17.117579,26.053017
-11.408668,-14.670469
2.6318672,0.47027582
-16.23466,-4.5700355
54.619232,-31.42584
-1.3608228,14.303036
-12.283924,4.6850758
-0.85715723,5.2701287
-0.55873793,2.5271873
0.37156472,0.66185075
2.2334661,4.7320375
-16.714985,-15.421275
19.951904,-39.992195
2.5708857,11.637518
5.4918118,6.645038
2.846258,5.6063905
47.84381,-46.918488
-5.4103923,-4.5300164
2.1331701,32.34236
-1.4072012,1.1112595
-4.879826,-2.2689087
1.0498412,-6.903998
-9.997515,-14.119732
33.075703,-41.078716
-10.815563,-7.948498
-6.3687005,-1.8091791
-7.578425,7.8368926
-15.202548,-5.221696
-10.583144,2.1376867
-2.6517324,2.5997052
-6.001007,-4.6893935
-1.2450063,2.0690494
-1.3292173,2.9293258
1.8405155,4.9778543
-1.2601649,1.9244473
-0.30643842,0.5556895
-19.893368,-21.799454
-44.108673,3.8917425
5.786181,-4.700219
-2.657117,-15.913368
7.112244,7.5414524
-7.472702,1.8793818
-0.464655,-2.0555055
-8.368609,3.2178676
-10.042841,-3.4904356
-7.6023564,-11.280066
-9.45356,3.1023645
0.6030527,-4.737381
-5.462214,0.7502734
2.9660754,4.51164
-2.4969761,0.9532
-10.71465,-13.508001
-13.291024,0.97068375
-14.298819,-24.72785
-1.658145,1.1745405
-0.5432563,2.9262776
-8.834048,3.215927
-0.7757915,0.53970116
-5.3676395,-1.4293467
2.902841,0.85820377
-9.12547,-12.334755
-9.106077,-27.725822
-0.32500842,1.4404674
3.1447458,-3.2857091
-3.6424859,-10.252841
-8.21609,-11.053942
41.975433,-30.734184
0.5768122,11.407706
-6.5304403,-4.2801847
-2.5557325,-3.0257828
-7.5194035,-19.419834
5.9296613,7.7872906
-2.0970876,0.5127471
-10.805943,7.521027
3.539355,6.4070454
-1.6462656,4.6574225
-2.8550699,-10.18986
-2.2372677,5.573549
1.2616973,4.3665323
-14.615333,-6.987653
-1.5456938,0.71832
-5.887275,-6.6135697
4.8493476,10.837839
0.12699388,-0.7413046
19.541742,6.008536
6.7454467,-14.357664
1.1745597,2.7398553
-13.136251,-22.560099
-1.5125114,0.5383124
-1.6393647,10.254454
-12.522387,12.376477
1.171625,1.1339467
-3.1966734,-1.3272169
0.89062417,3.4006917
-11.315521,-12.815785
-16.684168,0.0014246998
-2.4396498,6.8788333
-2.097335,-0.8259366
-30.943556,-4.75737
2.5068047,10.094026
-9.268666,-12.5467825
-26.163057,-22.482847
-5.062051,0.027914777
37.743614,-23.424662
-14.791186,-12.117213
-2.7438397,0.72823507
-8.619449,2.4929438
9.842444,1.5590705
-2.657117,-15.913368
-2.1811528,-0.7381917
-15.703145,-16.594374
-1.5060441,7.6767464
-12.324983,-21.454376
10.700292,16.512695
30.016268,40.276497
-1.8899008,0.877653
-3.793539,2.4805892
-0.6835825,-1.2559355
-2.3161678,-14.083476
-0.7802802,7.987493
-9.300922,-4.619707
-0.35468605,2.4741683
-0.8962204,3.7114627
-11.068602,0.9382615
-0.4739041,0.39146575
0.11238585,-13.829521
-13.648765,4.6437473
-9.659234,11.394789
-1.3382924,-1.4676212
1.5588509,3.417959
-0.68567425,-13.738261
-29.921564,-26.017584
-0.99127024,0.67868423
0.5768122,11.407706
-5.9182086,-8.684308
-0.21133249,1.1844054
0.4247825,2.8193173
-3.5233355,-2.4566839
-0.10475087,4.0211506
17.810995,12.662344
4.5051384,-5.715121
-3.850914,-10.019045
-2.8223825,4.279429
-2.9638834,-6.3698425
-21.15974,-10.355583
-0.5982578,2.8890147
2.3040037,9.490217
-14.200164,-17.946735
-5.8050222,4.792072
21.529575,23.393318
-4.75293,-8.321656
0.12723064,-3.688869
0.7320106,5.303563
0.015353722,1.4808714
-2.696606,0.32576388
-0.44985348,2.8067195
-5.6255407,-7.1699915
-0.1414543,1.7088158
1.583343,0.38468128
-0.99322313,0.024540896
-10.127087,-16.012112
-0.858302,-7.432284
-2.4482422,-0.2194266
-0.12803727,-0.49681726
24.057188,-22.534636
32.25323,35.061596
-10.863519,-12.684551
-5.698292,-5.7213492
4.6157546,1.4817933
-22.982653,-21.164928
-1.4294558,-3.0068936
-1.1929346,-0.13405
-9.985014,0.19815719
-8.778847,5.3667994
1.3787954,2.5596783
0.4566036,21.566483
-0.25043386,0.53393406
-2.2494528,0.23629259
-10.212229,-7.0934634
2.6934505,6.1668496
10.993266,-14.009838
-6.6643414,-15.734468
1.806838,1.6107076
-3.440093,-0.36264202
-0.9764729,0.6312606
-2.460446,0.15290126
7.726582,-7.9941554
0.4293218,2.5098586
-11.85279,34.8948
5.3873568,3.4223034
-19.721607,-5.378792
-4.1065927,1.3171346
8.305752,-2.277773
5.158705,12.668922
-2.7093415,17.668278
0.076612175,6.564509
-13.091404,-2.9617572
1.3112884,-0.5156091
0.14601596,0.12673996
-0.89174503,1.8163073
-0.38473144,1.058254
-8.623417,-1.7162727
-0.16115765,1.268377
1.4413993,0.70201856
12.151314,-8.356491e-05
-1.1129932,0.12286771
2.0538511,-3.9671319
-2.768004,2.220298
-12.754867,-1.4965872
0.75843865,2.8230655
-2.9643726,9.065923
31.397255,41.686203
3.4032962,7.4419656
15.530662,25.739408
2.107342,2.4534512
-15.954308,-16.678986
7.042768,35.927006
-0.020553691,-2.8315792
-1.4443644,-10.889724
10.373257,14.757331
-2.5011487,-1.6928512
17.916098,-2.7379081
1.025314,2.8031437
-10.258634,-2.436169
-0.51268464,0.98999923
0.18214898,9.093036
-9.639876,-12.781905
-7.428381,3.2112308
5.210941,4.8491745
2.5832047,2.7528493
-2.154387,0.4356854
-9.683954,-11.39715
-11.690227,-1.7242157
-7.835709,9.29243
-6.571074,7.527223
14.592207,-16.415735
13.336629,4.0210004
0.29024184,2.5838413
0.9456689,-2.1720865
5.8034987,13.303702
-1.0635364,0.46668673
-2.078983,-0.79045236
-16.877522,11.287084
-2.1715524,8.622278
6.143097,1.0748069
0.9903656,7.583678
14.421298,-6.5769877
23.491274,56.135685
-9.7071495,-15.821065
-18.646013,-8.744973
0.86520916,3.8343718
1.6731347,0.1770991
-17.218048,-6.6940036
5.3708878,7.01851
-0.00585428,0.20034829
0.7612166,2.2769935
-1.2139745,-0.9849788
26.96897,-2.9605672
16.631063,4.293297
4.2759686,7.6464744
-4.336186,-24.7255
-0.9980778,15.449273
-4.715076,8.557706
-5.8270597,-2.3838434
-7.366573,-21.298023
-29.465559,-11.329071
-14.090964,-14.424228
-0.027912524,7.308433
-1.4617321,1.2542783
26.045748,-25.84233
-29.980843,-28.125051
-7.219608,7.6799593
22.512663,-27.391743
0.57896334,3.1813436
-0.06850848,-13.379079
-1.212381,27.156767
1.1444691,2.5455067
1.329981,-0.63663036
-11.146538,8.792439
-1.0332233,1.6321764
2.0481443,4.207146
1.6543413,18.916723
7.6446877,7.0883265
-13.811277,1.2705036
0.9492642,-1.3499159
2.1349452,-2.8110476
15.3188095,46.68623
-1.0463624,10.2596655
-0.661404,-0.13454786
-12.608232,-15.830651
-24.131516,-31.861046
0.06461345,1.9778017
0.41566238,0.8115585
-5.527138,0.09176656
-19.834667,-12.165363
-17.62358,-10.443962
-0.31264362,-6.7403173
50.03511,-3.2590857
-1.5227098,-4.1860423
-17.38839,-19.241259
-11.661207,37.902264
-2.2229056,-1.9081712
-1.5060441,7.6767464
-1.4659809,1.4600862
-6.614194,4.5028462
4.9391437,1.1496183
2.4709046,-5.9597454
-8.07986,-12.348544
0.7927504,1.0334412
2.2428043,7.504025
1.7866426,-4.51918
-1.1732509,1.0015544
-12.721252,4.703663
3.0684443,16.60159
4.5719037,2.2108119
2.1636152,0.32901216
2.7327626,5.843119
3.8145928,-1.6483648
44.52715,-4.7426643
-5.9485016,4.7265925
-17.709364,-23.00813
-1.8263288,-16.507853
0.04496496,0.39994475
-2.2669895,2.702886
18.76981,41.29908
8.167358,5.7927628
-16.093649,-9.440984
0.6583486,2.40141
47.793324,-4.9648676
-14.090964,-14.424228
-10.477451,-2.0100193
-9.868523,-5.5270405
0.15866509,0.14417759
3.5309985,0.35980123
-12.96099,-20.793108
-12.886361,3.6092985
9.328565,-0.012389983
9.866275,-2.9391298
3.263443,8.095953
-2.4516118,-1.5757378
1.8969159,3.1118064
-0.96908444,-0.2720792
-6.4710093,4.062513
-6.5857754,-6.8211274
-1.1886716,-0.04284463
-11.886796,-2.2340503
-16.257214,-21.340721
-0.40473518,7.685849
-1.3097183,-18.801434
-17.804258,-6.1172047
-9.912142,-15.098327
-9.924744,-14.027198
-18.563753,-19.947403
-2.2247097,0.05663192
2.253224,6.052416
-2.9171252,0.7261042
-3.5981867,7.661626
-2.903553,5.532622
-1.3645554,2.200419
39.71754,-28.939816
-9.391652,-10.058679
14.49514,-6.8560066
10.008721,-8.810116
3.9557097,9.614942
-11.4243,-1.7127429
-3.4145882,10.319461
-0.6528149,2.878337
-13.302228,-2.1019394
-3.1303334,-0.91173106
5.343402,-1.4837995
0.33156794,-1.8387363
3.9360745,-3.1823578
-17.300125,-3.2995734
-17.38714,1.968669
1.2362329,1.6948488
-3.2866435,0.2508602
5.1875134,3.8526037
-9.654507,-12.363763
-2.4846454,-0.79545903
43.46718,-44.608063
-0.31065938,4.602715
7.720134,1.1054076
17.566301,-12.514675
0.63619566,0.6453364
2.405113,9.551192
-12.037255,3.766076
-0.70308155,0.34306315
-7.303538,-11.7515
-2.6871505,-16.918028
-0.8914176,5.0019865
40.81145,-27.955544
-1.3319311,0.08900646
0.44431734,-5.5676985
-19.834667,-12.165363
-14.147394,3.1997805
-2.9950857,-5.513578
-1.2568747,0.6805051
-9.188633,7.9042053
0.29100335,1.7483666
-0.34616262,1.9660366
-9.415739,11.453736
-5.699958,19.739618
23.911217,-0.9291169
-2.3639061,0.21870402
6.7705073,-0.13832533
-0.09536759,0.30556065
-1.3016435,-8.789172
6.1282063,6.6691623
3.8477082,8.951225
-1.8553114,-12.023266
-13.355406,5.925183
2.7701936,0.61747026
-1.6231439,-6.1469207
-0.28591633,0.74867064
-5.097329,0.4172228
0.20728604,2.146741
-7.974014,10.167017
-5.52258,1.882901
3.9557097,9.614942
36.48386,-18.291092
-2.5353858,-1.897741
0.588807,3.4947367
-1.2272658,31.4584
-0.51869476,-2.2952976
-18.725359,-23.323084
-2.2617774,4.390453
-13.62541,-6.704436
-0.17922421,0.656474
-1.9386646,-10.261975
-15.600392,-7.326634
2.0720963,1.4969255
-3.2483566,-0.49461457
-0.04292369,4.2812424
-8.284083,-7.2285547
-4.1965322,3.1791942
-6.6893063,-5.2070336
-8.127572,-11.668754
-0.29651427,1.5772302
31.153923,-25.503458
0.42977127,6.1686044
0.5026007,-5.721963
-10.486212,-18.150852
4.128938,0.32700506
4.5290585,-0.7091226
-2.2709575,-13.5168295
-28.40025,-8.468719
-25.018246,-40.951946
-0.34457833,4.2236466
7.4573784,9.62538
-3.453239,-14.437172
-9.3200245,4.0740223
-9.726234,0.28739995
-0.54552096,1.7625493
-6.9389343,-2.692866
-1.1807691,2.618833
-4.83838,-9.52208
-4.8326406,2.096724
-27.651176,-23.85452
-2.9044986,-7.1683555
-7.289666,10.238291
0.5023007,4.7047863
40.56315,-25.846989
-0.99749285,-2.7865126
5.448047,0.048544146
-9.249941,5.1089783
-5.2419467,-6.65955
-2.0765076,1.599969
0.5381484,0.15324438
-3.9553838,6.479043
7.430588,10.703842
-9.639501,-14.108661
-7.762281,-12.363379
-7.409926,-19.293802
29.59546,-5.094013
-2.3387303,0.35200328
2.4423647,1.0161352
-2.2608562,43.87928
1.2215242,9.310533
0.48903322,42.199577
-1.2602775,1.2700472
-2.581987,-0.06058277
-5.7959423,0.2774519
-11.01435,-0.65705603
2.923794,0.5654614
-5.6862373,-11.237986
-0.26047716,6.5271254
-5.7750564,3.6113105
0.78340876,53.7632
5.0930214,3.9453166
-2.5960464,0.11865306
0.3616969,3.0890956
10.884181,-15.862003
-7.319175,-21.462044
3.5734727,50.711014
-8.766553,5.4740095
61.64385,15.725971
7.7333016,0.92886823
-5.086583,5.9219866
-2.0824242,1.2834749
-1.9930805,2.2907684
-20.195984,-2.7975276
-1.067962,-0.621192
34.02945,-35.677826
-26.45734,-33.13336
-36.0955,-18.900408
-7.6584554,-1.4040353
6.9806137,11.5760145
-0.6672864,2.777501
-4.326221,-4.6102934
-16.895687,-19.67072
-10.400645,3.3467245
-9.054932,-12.853391
-3.7610452,-4.9448576
-0.12337458,-9.37877
-7.046679,0.10612196
-2.7328737,-0.08804316
-17.696375,-10.441174
13.650374,-0.7355238
15.805963,0.5295164
0.46359766,0.0034021467
-5.5750113,-0.48144305
-7.1926517,-9.895714
-11.303511,-14.201074
2.5144496,3.9898272
-4.3250413,-3.8139346
58.76072,-4.2151704
-2.1715524,8.622278
-23.361612,-10.909569
-9.95798,-3.3640926
10.338442,36.360825
-18.428078,-21.351173
-4.3358417,-5.3181458
36.979263,-25.649048
-17.581062,-7.614756
15.40529,-10.764327
-1.7468829,0.6568914
-0.028582783,0.26885706
-10.712283,-12.28221
-1.5522211,-7.314826
-2.20969,2.4626184
-17.94957,13.795198
-2.1196737,59.430172
8.565351,11.585312
-1.7739109,0.45330375
2.2077198,1.5639974
-13.682825,-19.00354
-4.5701456,4.8943233
8.071144,26.182793
-1.7444282,1.0012801
5.4931064,2.0902631
2.5010757,39.675697
-4.5143313,-5.3896875
6.782206,-0.48117822
-4.0545917,5.7393785
0.7197987,2.0305808
55.720203,2.858772
-1.0690299,1.2393649
7.3775496,0.6881808
-21.416971,-10.357581
-0.30643842,0.5556895
29.415812,40.29201
-1.817482,1.3769001
4.2081833,2.112736
3.1653554,5.093273
-5.640467,-7.7997537
48.94639,-4.019941
0.014119756,1.2849611
8.891305,10.210724
-1.6159418,-1.9545546
9.364194,54.714546
-10.307131,3.3625336
-5.062446,-2.3912644
-1.75793,8.220076
-2.0508025,-2.0633647
-10.134318,-13.048714
-20.592524,-34.72969
-0.3932491,-7.452187
-3.2615435,-2.6977212
-1.9233222,1.2207404
-0.870776,0.74202365
-10.984955,4.7636333
-12.71884,8.236833
12.888958,-11.456566
4.456288,3.3493545
-2.226417,3.9337044
-2.8536572,-1.2897761
-13.758751,-10.920554
-13.347274,-12.224533
-7.6507545,3.690269
4.088244,12.1920185
32.956554,-40.2344
1.3420244,0.24529088
-2.5960464,0.11865306
1.3936743,4.7167196
-0.21651766,-1.8577256
-8.013318,-1.4643042
-12.613697,-4.956995
6.123954,8.651341
-0.69949216,1.041284
-5.896884,3.073766
4.422263,32.80664
-0.79193103,-0.23082656
-4.181869,1.8326154
41.170853,-27.705776
-5.601832,-5.841565
1.8623854,-1.4047136
-12.82484,-1.8356586
-9.672914,-0.01974477
5.5290575,8.752159
-1.2223516,1.7119609
6.1531525,4.620751
-8.315499,-11.14733
1.0329419,23.538172
0.88783395,-2.24985
38.218266,21.276627
1.0447733,3.7197585
-11.079119,-15.025521
-6.76097,-7.382584
-30.550526,-24.836857
-0.97152627,-0.8588724
0.7268574,8.508237
0.037068106,1.5234574
0.5675708,3.4318457
-1.7515312,8.472663
-0.99127024,0.67868423
-1.305897,1.0270933
-5.336813,5.8286843
41.975433,-30.734184
-3.5207045,-19.052135
-2.0006874,-1.0725822
1.7993096,0.2221501
-16.077604,-18.996706
-30.928364,-6.873953
-8.760255,-11.746199
16.752083,-1.8478779
-4.852457,-3.7329056
-0.15822053,1.336859
-5.910316,1.2931365
1.0308869,3.2152808
-5.357888,12.981829
9.564707,-14.11588
-4.1433024,-1.0170965
17.138351,-5.405964
-4.6519365,-5.5352654
-1.6089401,1.2030563
-1.1394696,0.5782523
4.6259637,3.6107492
-1.5858773,2.2263541
6.1967816,-1.022727
0.5712757,1.031112
-8.333015,-6.2864094
-17.227606,19.30457
3.3724189,-17.208134
1.9190089,35.843063
-4.917723,3.1606808
-2.7790654,-14.445956
1.9235743,0.14890806
-10.79228,5.781953
-6.576894,-7.0200377
3.1277702,7.7159653
-12.1320505,-13.817566
3.0868535,2.0680273
