X,Y,V1,V2,V3,V4,V5,V6,V7
139.5381077,-29.88229296,3.784645673,13.3506408,-5.045796245,4.861294554,2.096840012,-0.798698556,2.320976365
139.6474649,-30.00383199,5.012392575,-0.472278625,1.663105713,-2.633887606,-1.650945906,-1.733756146,-1.352591616
139.3628149,-30.203943,-0.756352401,0.066821046,-0.186374565,0.112234714,0.761256472,0.100302309,0.003014525
139.34856,-30.22373002,-1.710856543,2.878877938,-0.284769373,-0.773804039,-2.850916312,1.477606421,-1.584692977
139.7008178,-29.94309998,7.739633344,-2.868489172,-0.326220383,-0.380807848,0.520841625,2.095364058,0.526964136
139.462242,-30.13565303,-0.590978836,7.8831478,-1.059201459,0.776393792,-2.154960085,2.700868442,2.42809307
139.5737097,-29.90327496,3.048051192,-0.106542099,-6.419342718,0.396030767,0.382932893,-3.05253526,-3.671753389
139.3985115,-30.20808111,-0.756352401,0.066821046,-0.186374565,0.112234714,0.761256472,0.100302309,0.003014525
139.6703615,-29.95800014,2.293190279,0.26822317,-0.695376969,1.26955191,-0.336789557,-2.982775509,-1.755647404
139.5447202,-29.93675847,-0.756352401,0.066821046,-0.186374565,0.112234714,0.761256472,0.100302309,0.003014525
139.5229919,-30.10867945,-1.970976144,0.127393567,3.428577278,0.655987529,-4.260665212,1.539367497,4.344349305
139.5852411,-30.00656605,-0.756352401,0.066821046,-0.186374565,0.112234714,0.761256472,0.100302309,0.003014525
139.6023282,-29.88889953,-0.756352401,0.066821046,-0.186374565,0.112234714,0.761256472,0.100302309,0.003014525
139.5820879,-29.86168821,6.945084608,-7.267489072,-3.7246304,4.216158033,-2.150908655,0.890416002,0.503278005
139.6319048,-30.02806486,2.587250157,-0.265039447,-1.784511198,-4.591350332,-0.71691079,3.840839058,5.483796708
139.6974455,-29.90499148,10.5011234,-6.034977072,0.998886208,-0.623979187,3.526596185,2.164572988,-1.844960338
139.6922303,-29.92362059,3.583853698,6.64746036,-1.021515143,1.341695428,-1.425555003,-0.663004688,1.670285194
139.5116853,-30.13454811,-0.756352401,0.066821046,-0.186374565,0.112234714,0.761256472,0.100302309,0.003014525
139.5725457,-29.89374789,3.146986919,-4.261746512,-5.177971773,-1.751120036,1.889784767,-3.620878173,-0.571129586
139.6678311,-29.93660092,-0.756352401,0.066821046,-0.186374565,0.112234714,0.761256472,0.100302309,0.003014525
139.6429074,-29.85147393,0.498737704,-0.312921036,-2.729901948,4.311986181,-3.598453519,-3.932876008,2.500525663
139.6233634,-29.83074983,1.953409164,2.267959908,-3.474488249,3.360482179,-2.876932634,-0.596571674,-0.248818875
139.4925382,-30.12798313,0.542755542,0.592805973,-1.253238203,-1.8538127,-1.276968834,0.416054654,-1.343466857
139.544843,-30.10202222,-1.598423814,4.397915536,-0.594069046,-2.10874038,-4.109340766,1.000672015,3.339813497
139.4738723,-30.07622068,-1.289482821,-1.68047842,5.567652491,5.672721792,-11.20313085,1.533325371,3.887463147
139.6237481,-30.02690435,2.68389043,-0.494690205,-1.771284929,-4.595147652,-0.634769772,3.74527688,5.255301146
139.3483926,-30.25820209,-2.708451176,5.617671992,-0.15026244,-2.215929622,-3.610874752,-2.485156303,-3.095696649
139.3554175,-30.18263379,0.370095254,0.460183685,4.008836523,0.502276455,-1.953524306,-5.010095619,1.266591875
139.2957769,-30.12876302,-0.756352401,0.066821046,-0.186374565,0.112234714,0.761256472,0.100302309,0.003014525
139.6591919,-29.90691628,0.669794844,2.729810378,-1.326732974,3.204743179,-0.963141632,-1.099621727,0.006675668
139.669115,-29.90429525,0.36133409,4.15504824,-1.041195761,2.046735743,-2.643354263,-1.306625603,-0.406726237
139.6369142,-29.84882902,0.693396277,0.334139827,-2.021691481,3.202927196,-3.057689076,-4.185463852,3.625903099
139.5268294,-30.05158527,-0.756352401,0.066821046,-0.186374565,0.112234714,0.761256472,0.100302309,0.003014525
139.5695591,-29.90150255,1.789011515,4.144157509,-6.357479417,-0.45882687,-0.922179635,-2.377181299,-1.66637293
139.6188124,-30.05636327,-0.756352401,0.066821046,-0.186374565,0.112234714,0.761256472,0.100302309,0.003014525
139.4469653,-30.18488129,-1.027497399,2.684483616,3.492004409,3.550748553,-5.707069329,-2.993267168,-0.294039985
139.6657437,-30.00272284,2.570913682,0.596001415,3.149326189,-2.170531745,-1.920144011,-1.568422286,-0.534851182
139.3385526,-30.19405583,-0.756352401,0.066821046,-0.186374565,0.112234714,0.761256472,0.100302309,0.003014525
139.6029353,-30.06571382,1.365111684,-3.538607294,3.674597595,-3.385322534,-0.579190301,-0.225155116,-0.565143836
139.6181793,-29.85086556,-1.038600245,7.314929409,-2.494345229,3.244246173,-2.275012643,-1.834787458,2.516610378
139.5011963,-30.08117687,-2.054493207,5.071072643,-1.974648816,2.71169825,-3.949082019,-3.148602661,-2.13609132
139.5367573,-29.91600019,-0.756352401,0.066821046,-0.186374565,0.112234714,0.761256472,0.100302309,0.003014525
139.3871798,-30.20427584,-0.756352401,0.066821046,-0.186374565,0.112234714,0.761256472,0.100302309,0.003014525
139.3451636,-30.17257712,-0.756352401,0.066821046,-0.186374565,0.112234714,0.761256472,0.100302309,0.003014525
139.6289154,-29.91663106,2.426233546,4.04767454,-3.730082624,3.141340537,0.321665081,-2.394966222,-3.400506391
139.5727031,-29.9616404,-2.837716031,-1.929571526,4.084327691,1.607647834,-1.460368883,-1.21125569,1.025724263
139.3645502,-30.25242967,-2.301557532,4.210346114,0.616743775,-2.248481767,-2.621488152,-2.344801852,-3.828141858
139.3421443,-30.22061273,-2.078693312,0.459611777,-0.831596747,-0.662338891,-3.460555907,3.083665637,-1.619547995
139.5849141,-29.97880417,-4.715751291,-3.885915401,0.789554354,5.504910521,-1.838587245,-5.025154371,0.576966613
139.4406131,-30.09326833,-0.756352401,0.066821046,-0.186374565,0.112234714,0.761256472,0.100302309,0.003014525
139.6888949,-29.91116411,7.504717882,-2.656768435,1.554639925,0.122845875,1.895655941,0.69464293,0.833787685
139.4008454,-30.18153816,-0.704225639,3.676695624,-3.557736364,-0.227087133,-0.325440566,2.151936365,-3.828890063
139.4189246,-30.11722749,-0.756352401,0.066821046,-0.186374565,0.112234714,0.761256472,0.100302309,0.003014525
139.6339824,-30.00801484,5.669755771,-1.738126693,0.249925297,-1.057673822,-2.058832438,-0.797838772,-3.582798834
139.4427747,-30.09409513,-0.756352401,0.066821046,-0.186374565,0.112234714,0.761256472,0.100302309,0.003014525
139.2883161,-30.1330197,-0.756352401,0.066821046,-0.186374565,0.112234714,0.761256472,0.100302309,0.003014525
139.4713167,-30.11238195,3.335779946,3.591694174,-1.04619775,-1.947730043,-2.69024853,0.690984162,0.226322097
139.4195197,-30.12989987,-0.203418243,4.129501729,-1.562678127,-0.816586582,-2.667425674,3.697764641,-2.437091544
139.6293763,-29.86234092,-1.796968589,2.456136077,1.501388451,1.980700017,0.072496574,-4.10844776,4.591478013
139.5423814,-30.08753409,1.272700208,-3.444675907,1.393301621,-3.215842088,-0.382057949,3.135605793,3.18231068
139.4208874,-30.15858772,-1.116596953,5.233139561,-4.05708885,-1.535819608,-3.861162852,3.204016971,-1.368339355
139.4846857,-30.10587644,-1.559980498,13.92244536,-6.253098204,4.027757412,-1.381882692,0.113804511,0.918088059
139.6789564,-29.89734919,-1.656169235,8.058493095,-3.111979375,5.303351487,-4.23539711,0.068267928,-1.565252835
139.3746033,-30.21109552,-2.732967024,-3.084465583,1.744442656,-1.973876374,-0.990185118,0.538239243,-2.362335012
139.3050355,-30.20318469,-0.756352401,0.066821046,-0.186374565,0.112234714,0.761256472,0.100302309,0.003014525
139.2978013,-30.18594897,-1.47939704,-6.636527235,7.495061445,-2.570256638,2.886353197,0.707734228,-1.64257122
139.3496273,-30.2465313,-3.048009489,-9.314741629,2.481531683,2.540691608,-1.628520161,7.99700191,2.101445028
139.6891463,-29.94479998,2.509890434,4.424152509,-1.154057979,4.929233081,-2.561360455,0.489672782,3.632689846
139.317682,-30.16636948,-1.771107382,-0.607483661,-1.047713187,3.497628221,-0.393271753,-1.561850423,-1.022363323
139.3334599,-30.19334822,-0.756352401,0.066821046,-0.186374565,0.112234714,0.761256472,0.100302309,0.003014525
139.5478033,-30.10290043,-2.103479566,5.043991174,-1.389650181,-2.48659113,-4.974272699,1.746206545,3.86717702
139.6982685,-29.93883792,4.445561811,2.414878324,-0.7807634,0.611624441,-1.701345909,1.013450441,-0.698051646
139.3359531,-30.19260004,-0.756352401,0.066821046,-0.186374565,0.112234714,0.761256472,0.100302309,0.003014525
139.6321918,-29.84925002,-1.316856851,2.607685261,-0.705188211,3.602907837,-2.411769724,-3.393069305,2.119391255
139.6288085,-29.91508744,2.522739047,3.939896578,-3.883131409,3.199845789,0.546344874,-2.504903234,-3.540410462
139.5014539,-30.13374314,1.304404801,-1.547744586,0.355172924,-2.067467342,-0.404133591,-0.166714408,-5.862765693
139.5518463,-30.10031555,-2.458077146,5.757864104,-2.441407961,-3.687883872,-5.87820691,2.554217911,4.963249402
139.7225706,-29.97140749,2.634352215,-3.341100177,-3.743996134,0.189873274,1.156904663,3.615560373,1.682257797
139.5672509,-29.9570591,-1.278547812,-2.112637621,5.515034709,1.104741791,-1.01354262,0.103774866,-0.10407852
139.5648847,-29.9551814,-1.011196958,-1.153203764,6.124650874,1.735843984,-0.624924788,0.274003163,-2.072112482
139.3249537,-30.19809124,-0.756352401,0.066821046,-0.186374565,0.112234714,0.761256472,0.100302309,0.003014525
139.690624,-29.95640701,11.91197504,-7.890739207,0.302140088,-0.705916621,5.231359954,2.566420636,-3.411448558
139.4792765,-30.13850251,1.591651338,1.235105165,-2.897505133,-3.854299236,-0.581542198,1.10599151,0.895124743
139.2867117,-30.13103957,-0.756352401,0.066821046,-0.186374565,0.112234714,0.761256472,0.100302309,0.003014525
139.3742914,-30.21056154,-2.799091426,-2.994446966,1.839423421,-1.952664351,-1.10281571,0.555806222,-2.394613854
139.4470689,-30.11501452,-0.756352401,0.066821046,-0.186374565,0.112234714,0.761256472,0.100302309,0.003014525
139.6365515,-29.93895223,5.051530451,15.03179841,-6.737938822,6.656898701,1.384882664,-0.244664641,1.936548748
139.323858,-30.17168505,-1.771107382,-0.607483661,-1.047713187,3.497628221,-0.393271753,-1.561850423,-1.022363323
139.6234478,-29.84363512,-0.632025464,5.55604047,-3.000703307,4.384460787,-2.33025898,-1.181743267,0.620717987
139.6827876,-29.89669705,-1.589795177,8.645839242,-3.231334593,5.567345112,-4.001385213,0.230303195,-2.106804616
139.6005112,-29.90903584,4.0056165,-0.671517565,-4.492935585,-0.459459188,1.312182143,-5.473136545,-0.14398424
139.5989215,-29.95100655,-1.667538564,-2.693875414,4.33149821,0.620854249,-1.809722685,1.834656959,-0.461446349
139.6277728,-29.89915681,2.743880064,7.437703101,-3.517334548,3.28402792,-0.832130327,-0.578159806,-3.484441239
139.5872339,-30.04513276,4.164079228,-3.462523705,2.560214733,-4.270152601,-2.266922917,0.817212901,-0.136197804
139.5716548,-29.86073124,6.945084608,-7.267489072,-3.7246304,4.216158033,-2.150908655,0.890416002,0.503278005
139.6118037,-30.01722547,2.168530623,-2.984135459,-0.898244896,-3.614645443,-1.505887101,3.554948519,4.702842587
139.6597326,-29.85053098,2.434154323,1.031621996,-3.377164824,2.332751696,-3.314196971,-3.365318156,3.387370799
139.5837874,-30.0423464,-1.513717999,2.423269523,-1.515212881,1.893778817,-2.790188585,-3.460941288,-1.325704444
139.3323053,-30.18480072,-0.756352401,0.066821046,-0.186374565,0.112234714,0.761256472,0.100302309,0.003014525
139.5171066,-30.06053996,-4.524959008,-1.74448675,-3.852811392,2.769412444,-1.118054846,-1.871864756,1.408465125
139.5807337,-29.99969203,-0.756352401,0.066821046,-0.186374565,0.112234714,0.761256472,0.100302309,0.003014525
139.6356388,-29.93721026,5.051530451,15.03179841,-6.737938822,6.656898701,1.384882664,-0.244664641,1.936548748
139.5911487,-30.05835643,2.253729556,-3.520684728,3.54367319,-3.092949267,0.599834865,-2.147131436,0.11752617
139.4855518,-30.07783384,4.805059967,3.814555153,-0.322567099,1.621752674,-1.573497576,3.449295372,-3.907475174
139.4697968,-30.10096337,3.439828356,6.545872082,1.545488396,4.276878995,-14.81374658,-0.018775008,0.40986225
139.3462929,-30.17970542,0.454700889,-0.775069944,2.727540489,2.720525176,-1.993968756,-4.596227359,-0.690523277
139.6871461,-29.9050163,10.46752543,-6.126934872,1.053514456,-0.649178446,3.473662495,2.139783192,-1.874992889
139.616742,-29.85464346,-1.963643083,10.92433764,-2.584745217,3.880780665,-2.224557201,-1.808272875,2.652813668
139.6589021,-29.97387385,-0.651376484,0.513008447,-0.444308404,1.179686413,1.136024666,-4.068963928,-2.434726267
139.5270496,-29.91659686,-0.756352401,0.066821046,-0.186374565,0.112234714,0.761256472,0.100302309,0.003014525
139.6009464,-29.85678724,-2.028750253,13.97842844,-4.720797334,4.837052549,-2.426015387,-0.071624876,3.040016242
139.6562787,-30.00180335,3.331919524,0.195385322,1.668260489,-3.057393997,-1.307469021,-1.471822382,-1.688259437
139.6330015,-29.8772813,-0.46712957,-3.955131488,1.542688962,-0.411219108,-10.30863354,8.605784531,10.6130442
139.568089,-29.97521634,-0.756352401,0.066821046,-0.186374565,0.112234714,0.761256472,0.100302309,0.003014525
139.5939366,-29.87234902,6.018049069,2.757345685,-7.416573938,2.301614714,-0.36427702,-2.373969704,-1.219255375
139.6376844,-29.97424364,1.062911926,2.954130268,-0.853392214,0.880720924,0.102806635,1.791398042,2.138563884
139.662202,-29.99432707,4.765217171,2.062143239,2.147529334,-2.993837871,-2.12703208,-2.231612444,-1.459170433
139.520267,-30.1197305,-1.970976144,0.127393567,3.428577278,0.655987529,-4.260665212,1.539367497,4.344349305
139.6010077,-29.83455681,-0.756352401,0.066821046,-0.186374565,0.112234714,0.761256472,0.100302309,0.003014525
139.2989876,-30.19252234,-2.736654536,-12.03611064,16.82962636,-4.234241449,1.501366533,3.673303841,1.958185735
139.4775956,-30.12419371,0.195524662,1.532397903,-3.333118429,-0.097431596,-0.410332893,0.392950114,0.786382336
139.6499937,-30.02864067,-2.417427528,-10.02576406,8.959211901,-5.253434767,8.746606987,-3.367676103,5.199322386
139.4525002,-30.10103189,3.885476833,8.772521035,0.567148419,3.005046256,-16.05872606,0.140534156,0.241615408
139.5765726,-29.93609746,-4.158801867,-2.729807972,4.747935249,2.017822352,-2.264160407,0.039075319,2.362207392
139.4856831,-30.14529766,1.241007534,0.087655842,-2.737051228,-4.74963295,0.189516042,1.270174039,1.973999939
139.3187948,-30.20723061,-0.756352401,0.066821046,-0.186374565,0.112234714,0.761256472,0.100302309,0.003014525
139.3082721,-30.18639943,-3.143921124,-10.23160013,13.15408627,-2.749405217,3.496730326,2.23839436,1.107725544
139.4684018,-30.16353252,-0.756352401,0.066821046,-0.186374565,0.112234714,0.761256472,0.100302309,0.003014525
139.6284316,-29.96199966,7.987711094,-6.336974226,-1.504897687,2.504703343,2.019538049,3.269044904,-1.384746172
139.6070996,-29.9390155,-3.769597252,-0.916528604,4.106745766,1.562238282,-3.14341529,0.646069854,-0.040314799
139.5826955,-30.08809046,-2.704975882,-11.24767885,14.33628758,-1.901765459,-0.441244689,-1.138638846,2.152211425
139.4314963,-30.16799941,-0.796968458,2.942314261,-1.476343602,-0.484107494,-3.800748136,3.168116868,-0.94088796
139.3158216,-30.1422974,-0.756352401,0.066821046,-0.186374565,0.112234714,0.761256472,0.100302309,0.003014525
139.6931713,-29.98212957,0.469533449,-4.083448192,-0.405373982,-0.406886023,0.849165027,0.933459894,1.522948715
139.6661196,-29.87269727,3.193151609,3.267145705,0.914783854,0.213266713,2.562574413,-5.676799257,3.860399598
139.700383,-29.96498943,6.117196156,-4.95963357,1.313418251,-4.886022869,1.62340923,2.77016671,1.312952179
139.4933966,-30.07532979,0.836906661,5.731455234,-1.123229635,2.63177633,-3.47340871,-0.143850764,-3.480093003
139.5394286,-30.0582179,-2.481344521,11.99625075,-10.49097308,8.273803371,3.285786187,-6.014531158,-1.066415939
139.6515237,-30.00098838,2.818972383,0.042925053,1.84465851,-1.939003381,-1.967382368,-1.423747088,0.02116275
139.4000953,-30.2176915,-0.756352401,0.066821046,-0.186374565,0.112234714,0.761256472,0.100302309,0.003014525
139.5745968,-29.98315753,-4.715751291,-3.885915401,0.789554354,5.504910521,-1.838587245,-5.025154371,0.576966613
139.6956045,-29.99462977,0.602249364,-7.084920918,7.087304189,-5.234254388,0.689853591,-0.192534852,4.069573701
139.5588015,-29.87121235,5.400807069,-6.122770593,-0.800496184,3.221041143,-0.736261631,0.695027795,-2.502178193
139.6557115,-29.98131747,2.630894267,-1.238738651,-0.22237011,-0.335581191,0.244362799,-1.396078419,-1.410116505
139.6648204,-29.86904365,4.16560226,3.410346244,0.302230152,0.111126215,1.823066062,-4.759795901,3.371438638
139.3020643,-30.1240783,-0.756352401,0.066821046,-0.186374565,0.112234714,0.761256472,0.100302309,0.003014525
139.6287625,-30.00573251,8.518674691,-5.806822998,-2.401999317,1.613984736,-1.193750699,0.424692168,-5.482934507
139.5785889,-29.91175352,-0.756352401,0.066821046,-0.186374565,0.112234714,0.761256472,0.100302309,0.003014525
139.4459099,-30.1428049,2.284722766,7.202554816,-6.15186539,0.466182532,-4.348527367,4.897618864,3.883543612
139.5718808,-30.04822359,-0.629004848,0.996349761,1.110107858,-0.023764034,1.557044538,-2.522468206,-2.033354779
139.5859051,-29.95810825,-5.783065908,3.430352914,-1.391969286,4.754815195,-4.784410462,-2.243860031,-1.084442975
139.7294944,-29.94494146,-0.756352401,0.066821046,-0.186374565,0.112234714,0.761256472,0.100302309,0.003014525
139.6087869,-29.95586194,-3.786497303,-1.40674025,4.860095429,0.684342245,-2.676422232,1.364076174,-0.032691988
139.6501807,-30.03055936,-2.417427528,-10.02576406,8.959211901,-5.253434767,8.746606987,-3.367676103,5.199322386
139.5761586,-30.03763495,-4.695138628,6.702220273,-5.336547412,7.24741099,-3.60146475,-7.468219899,-2.874130699
139.4028327,-30.21797691,-0.756352401,0.066821046,-0.186374565,0.112234714,0.761256472,0.100302309,0.003014525
139.2878623,-30.17559479,1.426129078,-0.870546011,-2.503703252,-1.806182626,1.846702651,-0.663322643,-3.37860157
139.5889725,-29.98392386,-4.715751291,-3.885915401,0.789554354,5.504910521,-1.838587245,-5.025154371,0.576966613
139.6651852,-29.88723745,1.12219832,4.856162647,2.037136393,2.385966088,-0.481253788,-4.817204346,1.51057734
139.6689144,-29.86583643,2.400444804,2.68502643,0.214705236,0.533909132,2.682373877,-6.31566061,4.510517701
139.6347266,-29.97319429,3.785075427,-0.961999319,-1.088104566,1.469645399,0.853450596,2.350473165,3.102143701
139.668984,-29.98271538,-0.596206752,1.717642472,0.716930349,1.270323061,0.421902496,-4.933950413,1.281667254
139.3087537,-30.16879635,-2.461795138,-3.90894295,3.289607269,1.020267968,1.593480409,0.509473329,-1.626308721
139.4914203,-30.11711921,0.94100704,4.490924362,-2.82536394,0.242265691,-1.971134615,1.114036543,-1.778116479
139.539696,-29.9021054,4.638524318,9.12567915,-3.087434436,2.837674246,0.14637644,-0.100227467,-0.049061625
139.5723468,-29.86063923,6.945084608,-7.267489072,-3.7246304,4.216158033,-2.150908655,0.890416002,0.503278005
139.7008925,-29.96329679,6.156484292,-4.775559006,0.834102706,-4.362256156,1.733876696,2.4352343,0.532444184
139.5366514,-30.07434256,-0.292082542,5.322049452,-5.191339098,6.57291248,-0.92363718,-5.093182687,-2.883472287
139.5632852,-30.03589281,-0.756352401,0.066821046,-0.186374565,0.112234714,0.761256472,0.100302309,0.003014525
139.3328787,-30.18723087,-0.756352401,0.066821046,-0.186374565,0.112234714,0.761256472,0.100302309,0.003014525
139.5552026,-29.87416345,6.00135627,-5.776013644,-1.038474495,3.378511093,-0.744814526,2.098786318,-2.865322995
139.6533704,-29.98712013,1.399445941,0.030807983,0.878006614,0.095334117,-1.250863658,-1.878948838,-2.456893674
139.5305051,-30.099019,-0.700344472,1.404469381,1.351621048,-1.960979239,-2.980482166,1.492417727,4.053664963
139.5589392,-29.94121383,0.987015962,-2.258144137,5.147017173,0.447824799,-0.808978295,1.430376051,-2.622116919
139.4578101,-30.13298985,-2.909163728,7.792774573,-2.659522644,2.004794555,0.834025443,2.767911521,1.437569432
139.3135195,-30.19479078,-2.951335695,-11.41924519,15.06186868,-4.138879557,1.794127068,3.205068596,1.519050004
139.3990176,-30.18102578,-0.944059572,4.262639619,-3.225030799,0.060125326,-0.313513995,2.469274309,-4.126312944
139.3407267,-30.19715752,-0.756352401,0.066821046,-0.186374565,0.112234714,0.761256472,0.100302309,0.003014525
139.5108411,-30.10026088,1.805686113,-5.373718009,1.28565012,-2.150980489,-0.250033105,2.284508168,-4.873247614
139.6889817,-29.8945535,-0.957111454,15.5735346,-4.727658716,7.879183845,-1.186020373,-0.549757252,-4.570757217
139.6502494,-29.88985612,2.064967803,1.184242663,1.619867955,1.535859347,0.312823874,-2.441738783,0.960596745
139.3985215,-30.19726497,-0.756352401,0.066821046,-0.186374565,0.112234714,0.761256472,0.100302309,0.003014525
139.5944711,-29.89752991,4.0056165,-0.671517565,-4.492935585,-0.459459188,1.312182143,-5.473136545,-0.14398424
139.4957448,-30.04454992,-0.756352401,0.066821046,-0.186374565,0.112234714,0.761256472,0.100302309,0.003014525
139.4712689,-30.14462816,2.153951849,1.785292733,-3.652302729,-4.175650097,0.572505719,-1.261992132,3.126097013
139.5857937,-29.86028074,6.945084608,-7.267489072,-3.7246304,4.216158033,-2.150908655,0.890416002,0.503278005
139.320773,-30.14986781,-0.756352401,0.066821046,-0.186374565,0.112234714,0.761256472,0.100302309,0.003014525
139.5494474,-29.9230632,-0.756352401,0.066821046,-0.186374565,0.112234714,0.761256472,0.100302309,0.003014525
139.4945807,-30.04615821,-0.756352401,0.066821046,-0.186374565,0.112234714,0.761256472,0.100302309,0.003014525
139.7136316,-29.97517925,3.071914925,-3.081011738,-2.416806338,-0.712303596,1.072503892,2.471668334,0.151131805
139.6620086,-29.87611194,3.537424239,4.101275626,1.47362576,0.683289094,2.177235611,-4.987742562,3.06076049
139.3566976,-30.19506723,1.526013378,-2.816472894,2.275708725,2.040447273,-1.087153425,-3.961345892,-1.399528185
139.6249564,-29.94882415,-5.265487261,2.708515395,6.815583044,2.332299906,-4.67615283,0.367895421,5.12414498
139.6544951,-29.99112996,3.145098173,1.018399509,1.554212946,-1.871736937,-1.913765352,-1.757807646,-2.015962514
139.5780026,-30.03299941,-4.695138628,6.702220273,-5.336547412,7.24741099,-3.60146475,-7.468219899,-2.874130699
139.5808044,-29.87274018,6.173469353,-0.939868446,-5.008770164,2.590602925,-1.011210118,-2.026716166,-0.847616652
139.4752029,-30.14174083,1.802273709,1.815150039,-3.246051599,-4.180403004,0.239952353,-0.371111127,2.388696295
139.6759425,-29.88400227,-0.512592671,6.64835768,-0.02220303,2.737709587,-1.837550081,-3.034045712,-1.104372257
139.5818205,-30.01780072,-0.756352401,0.066821046,-0.186374565,0.112234714,0.761256472,0.100302309,0.003014525
139.6843405,-29.99312528,0.750412473,-1.813058817,1.577218318,-3.007964755,-0.166234763,-0.681121053,0.797157015
139.3342231,-30.21358852,-1.903629387,3.279131006,-1.059127456,0.444679113,-2.573258915,2.41044989,-2.593372213
139.6638876,-29.85507844,-0.756352401,0.066821046,-0.186374565,0.112234714,0.761256472,0.100302309,0.003014525
139.4088095,-30.22156913,-0.756352401,0.066821046,-0.186374565,0.112234714,0.761256472,0.100302309,0.003014525
139.2939002,-30.16321774,1.426129078,-0.870546011,-2.503703252,-1.806182626,1.846702651,-0.663322643,-3.37860157
139.4567565,-30.09766382,4.129994008,8.768826012,0.516488877,3.117916034,-15.89673627,-0.159386349,-0.045106541
139.5758491,-29.89524649,4.173742686,-3.867419511,-9.051841375,-0.932382133,3.868641932,-2.849342636,-1.87351506
139.5746735,-29.84441111,-0.756352401,0.066821046,-0.186374565,0.112234714,0.761256472,0.100302309,0.003014525
139.5895869,-29.83254073,-0.756352401,0.066821046,-0.186374565,0.112234714,0.761256472,0.100302309,0.003014525
139.4934488,-30.04513204,-0.756352401,0.066821046,-0.186374565,0.112234714,0.761256472,0.100302309,0.003014525
139.4666776,-30.12560872,3.823930932,-2.470063935,-2.431968937,-5.440926084,-1.04784399,3.824420995,2.905374762
139.5986843,-29.87334723,-0.756352401,0.066821046,-0.186374565,0.112234714,0.761256472,0.100302309,0.003014525
139.6766209,-30.00404603,2.51263519,0.368885999,2.291543915,-2.994879985,-0.279718776,-1.358395741,0.669561005
139.2948537,-30.19154626,-0.756352401,0.066821046,-0.186374565,0.112234714,0.761256472,0.100302309,0.003014525
139.6334133,-30.02542609,2.632113537,-0.371742186,-1.778145995,-4.593075235,-0.679205416,3.796876999,5.376861748
139.3727421,-30.23093106,-1.851460081,0.099107989,2.327848083,-2.309880809,-0.786734066,-0.601597969,-1.533359358
139.4724224,-30.09691686,3.193614198,5.521051971,2.006916393,4.77266704,-14.14861464,-0.197923386,0.553984272
139.6044029,-29.86795062,6.658594331,4.010647463,-7.687526222,5.979885388,2.387025293,0.108982956,-3.797565044
139.702823,-29.93364941,6.963527777,5.534494439,-1.675846792,-0.299319401,-0.80260691,2.177510389,-2.216664393
139.6485519,-30.00977676,2.825044499,1.062613188,3.442977468,-8.060201421,-0.996286722,-4.044323214,-0.887302025
139.4792769,-30.16016591,-0.756352401,0.066821046,-0.186374565,0.112234714,0.761256472,0.100302309,0.003014525
139.3478703,-30.2593502,-2.712397973,5.631950556,-0.158647016,-2.215522915,-3.620902702,-2.486186969,-3.087659367
139.3680699,-30.16960995,-0.756352401,0.066821046,-0.186374565,0.112234714,0.761256472,0.100302309,0.003014525
139.6447061,-29.87158227,7.302464669,1.361249891,-5.330323065,0.956394817,-1.065143736,-0.027294377,0.037334975
139.5306932,-29.8926928,3.380815769,9.490832915,-3.627015135,3.259810042,-0.003295134,0.154253382,0.711890577
139.3046928,-30.19770334,-6.052861971,-13.87075909,17.05601475,-5.680968513,4.394910811,3.733152612,3.572404491
139.4291066,-30.17738385,-2.316780172,12.18465474,-0.767661646,0.191415274,3.148056183,1.952019076,-4.563627125
139.5320433,-30.046469,-0.756352401,0.066821046,-0.186374565,0.112234714,0.761256472,0.100302309,0.003014525
139.5525212,-29.90849935,1.237115939,8.966273917,-5.415711453,0.00084432,-1.853363592,-1.05643083,-1.001749299
139.7024906,-29.95540808,9.191073725,-5.388886237,0.045111846,-3.552634843,2.596366266,2.732652302,-0.853656734
139.6785735,-29.97977992,-0.087460474,0.811217082,-0.687161877,0.557620802,0.412470774,-4.048679165,0.080501302
139.699373,-29.99726556,-0.965694758,-2.576533596,3.99999366,-3.113126884,-0.382372609,0.321444076,1.666237955
139.3267702,-30.22886358,-1.068554559,10.35695634,-0.819097121,2.859449746,0.850372042,-0.094372807,-6.896109361
139.5265758,-30.09909382,-1.300707693,1.917237858,1.575408662,-0.87620596,-3.861073397,1.297771323,4.198647461
139.4308791,-30.17366971,-1.893921612,5.389277155,0.724101692,0.833929793,-2.646441407,0.794951183,-1.874601872
139.3201347,-30.18442209,-3.088780293,-7.048560052,7.746195327,-0.486629328,3.713785832,1.057320144,-0.585564441
139.4992497,-30.08038624,-1.649872864,5.279912408,-1.974902502,2.827101644,-3.953095793,-2.806818687,-2.366049953
139.34928,-30.20234556,-0.756352401,0.066821046,-0.186374565,0.112234714,0.761256472,0.100302309,0.003014525
139.3182734,-30.1658713,-1.771107382,-0.607483661,-1.047713187,3.497628221,-0.393271753,-1.561850423,-1.022363323
139.580993,-30.07227085,0.68632294,-3.587894148,4.021013083,-2.706916603,-0.858044725,-0.927376053,-1.716610008
139.6477864,-29.95692209,2.528129025,-3.754011999,-1.403506937,2.458181086,2.292426615,0.015714317,-1.388199115
139.6259993,-29.88046768,-0.46712957,-3.955131488,1.542688962,-0.411219108,-10.30863354,8.605784531,10.6130442
139.5490689,-29.87879104,6.00135627,-5.776013644,-1.038474495,3.378511093,-0.744814526,2.098786318,-2.865322995
139.574417,-29.87915878,4.502551046,-5.013251186,-0.972259186,2.400509556,-0.808006105,-2.700071517,-1.484076711
139.5931536,-29.94005191,-3.353856343,-1.337753546,4.102350813,1.607491593,-1.863124025,1.303616467,-0.830968831
139.3855074,-30.22964985,-1.124802737,-5.72420814,2.839026593,-2.095259584,3.260352069,-0.936432843,-2.56340436
139.3193309,-30.14319604,-0.756352401,0.066821046,-0.186374565,0.112234714,0.761256472,0.100302309,0.003014525
139.5105916,-30.10129993,1.828191377,-5.355795757,1.284637495,-2.165399059,-0.244112216,2.28601305,-4.870404395
139.4396962,-30.14845762,-0.315647438,3.682355203,-1.09872767,-1.709852836,-3.03458891,3.598582443,-2.537678859
139.6437531,-30.00660049,3.247718348,0.654838323,2.704695148,-4.189914017,-1.606933108,-2.501355433,-1.356636285
139.4535026,-30.09439332,4.07951757,9.097698774,0.402311263,2.887916245,-16.12090445,-0.037427475,0.061208417
139.520086,-30.0822933,5.172424766,-1.345134587,-4.458618361,3.281488461,-3.972859812,-2.940333134,-5.916426616
139.6872054,-29.89415864,-0.957111454,15.5735346,-4.727658716,7.879183845,-1.186020373,-0.549757252,-4.570757217
139.4187873,-30.16205484,-1.411758154,5.081883526,-4.013280904,-1.845818375,-3.625610098,3.112298882,-0.777308645
139.457315,-30.11998379,2.221491528,-0.065331911,-2.548466507,-3.560974796,-1.106785065,3.192835119,2.450321879
139.6768196,-29.99909854,2.221280803,0.617000105,1.539580494,-3.51385702,0.168013898,-1.140557004,1.219662752
139.6320801,-29.90842857,3.413986841,2.111011963,-3.860292397,1.93932002,0.860485142,-2.857674633,-3.577504818
139.5007515,-30.11112592,3.674440542,-2.823400024,0.245904007,-3.821629034,-0.530933936,3.577608293,-3.790328129
139.5967093,-30.01991338,0.149402968,-3.755945166,-0.08875031,1.473369696,-2.946991912,2.005261773,2.877703755
139.6064868,-29.9303415,-3.365590093,-1.461423754,4.512817495,1.322215099,-3.176288771,1.301866184,-0.109772792
139.547736,-30.11180127,-2.827918837,6.019136111,-1.473746772,-0.638273252,-5.495165195,0.253262596,2.683186134
139.7090414,-29.97403228,4.176566893,-3.72501054,-0.866772924,-1.746382029,1.754011874,2.320210574,-0.628198505
139.6223789,-30.04591504,-0.756352401,0.066821046,-0.186374565,0.112234714,0.761256472,0.100302309,0.003014525
139.4807765,-30.08711936,2.024144007,2.595814587,0.192033725,3.179425743,-3.404296563,2.394044928,-0.435896236
139.5734291,-29.88716125,4.48959376,-5.301068837,-0.860726536,2.491970168,-0.851174491,-2.408575037,-1.576046908
139.6766529,-29.99721095,2.317581474,1.035379685,1.161875217,-3.59778048,0.172599477,-1.046012546,1.739079086
139.5842696,-29.9633729,-6.28754165,4.773046432,-2.968843923,5.42403986,-5.400782721,-2.698239102,-1.464719722
139.3804451,-30.20942581,1.544853254,-8.148034893,-2.628259943,-3.328583139,6.852853537,-0.325621726,-2.278508107
139.6638976,-29.91823454,7.874210351,1.697659432,-1.806067523,1.430623157,-0.421409048,1.66590037,-5.108553272
139.4927231,-30.13847418,0.1186826,-1.394194294,-1.870515013,-3.437769714,-0.334314409,1.551771605,1.421089479
139.4274024,-30.14295189,-0.641109936,5.931362808,-3.375110657,-2.557310344,-2.741034651,3.699176143,-1.488494576
139.5718931,-29.90008375,1.74343586,4.49279181,-6.39889505,-0.515079102,-0.973248151,-2.295832302,-1.492446096
139.6709542,-29.97364406,-0.475211144,0.153209826,-0.544262618,1.188670849,1.274035124,-4.675389559,-0.806078306
139.3548844,-30.17639541,0.667909147,-0.929391179,2.966431689,2.096398614,-1.810299834,-4.530454788,-0.452574961
139.4771262,-30.12973948,-1.704309442,1.863277619,-3.248828996,-0.642589103,0.599924662,0.05995997,1.563075955
139.2881836,-30.17783494,1.426129078,-0.870546011,-2.503703252,-1.806182626,1.846702651,-0.663322643,-3.37860157
139.6196844,-30.01792632,2.795591158,-0.759154839,-1.758307419,-4.599756659,-0.5357354,3.631060848,4.999647923
139.3949868,-30.21587065,1.544853254,-8.148034893,-2.628259943,-3.328583139,6.852853537,-0.325621726,-2.278508107
139.5958591,-30.06233139,0.789685164,-3.071653503,4.187170923,-3.172287045,-0.579724621,-1.228864819,-1.329927623
139.3741404,-30.17766203,3.563478833,-6.603283666,0.703388074,1.516854894,0.660554963,-2.793689502,-2.972958364
139.6370457,-29.88070692,-0.46712957,-3.955131488,1.542688962,-0.411219108,-10.30863354,8.605784531,10.6130442
139.5448577,-29.88880055,2.759497882,10.3631771,-4.268352214,0.870871139,-0.448844992,-0.267600864,-1.370318839
139.3320595,-30.18121737,-0.756352401,0.066821046,-0.186374565,0.112234714,0.761256472,0.100302309,0.003014525
139.5997383,-29.83577104,-0.756352401,0.066821046,-0.186374565,0.112234714,0.761256472,0.100302309,0.003014525
139.6803205,-29.95405321,-1.369978364,1.142729503,0.087666438,0.550134947,0.145010174,-4.097411966,1.801389945
139.3832278,-30.22195348,1.034776602,-8.022380649,-2.205162143,-2.955114707,5.767309484,-0.017140199,-2.64482197
139.6786525,-29.96228251,0.88166109,1.641700406,-0.046462359,-0.485580403,0.448083936,-3.59836109,-0.168041262
139.6046085,-30.00516357,9.878025855,-5.126274009,-3.098002262,-0.905094444,5.126580774,3.951398424,-5.629111391
139.6736402,-30.0076675,2.516045862,0.03615315,2.307732545,-2.848016977,-0.935912812,-1.00907423,0.761401301
139.6920239,-29.95140525,4.147493705,-1.914629747,0.804299718,0.785639639,1.059944171,-0.092039899,0.733616083
139.7217035,-29.97111583,2.634352215,-3.341100177,-3.743996134,0.189873274,1.156904663,3.615560373,1.682257797
139.5693499,-29.85441606,6.945084608,-7.267489072,-3.7246304,4.216158033,-2.150908655,0.890416002,0.503278005
139.6163909,-29.98361799,9.754740239,-7.18646558,-0.642558967,2.28840176,0.761507065,1.520956066,-0.303928712
139.5389486,-29.94228821,-0.756352401,0.066821046,-0.186374565,0.112234714,0.761256472,0.100302309,0.003014525
139.3774785,-30.17042403,-0.756352401,0.066821046,-0.186374565,0.112234714,0.761256472,0.100302309,0.003014525
139.623139,-29.96195943,9.330256908,-6.706092492,-1.403135822,2.889923679,1.171824182,2.492542927,-0.393029746
139.4315973,-30.1352899,-0.452168098,4.520490296,-1.482027953,-1.229976064,-2.916603571,4.408256272,-2.832422781
139.6573226,-29.93525677,-4.279837906,1.954176176,-0.482908428,5.733437963,2.223438153,-4.804258919,4.630682451
139.6274688,-29.81787601,-0.756352401,0.066821046,-0.186374565,0.112234714,0.761256472,0.100302309,0.003014525
139.3265987,-30.18127058,-0.756352401,0.066821046,-0.186374565,0.112234714,0.761256472,0.100302309,0.003014525
139.6115004,-29.96180868,4.488795097,-9.953763008,1.074501845,2.473309945,0.750674997,1.750738932,-1.121814327
139.3731795,-30.18197208,3.821760655,-6.582975268,1.00351123,0.676652235,0.728773703,-2.696959217,-2.707584863
139.5034201,-30.06158313,-4.524959008,-1.74448675,-3.852811392,2.769412444,-1.118054846,-1.871864756,1.408465125
139.485452,-30.16367158,-0.756352401,0.066821046,-0.186374565,0.112234714,0.761256472,0.100302309,0.003014525
139.7257406,-29.94193919,-0.756352401,0.066821046,-0.186374565,0.112234714,0.761256472,0.100302309,0.003014525
139.4739459,-30.09498164,3.058826,5.041522541,2.22240666,4.97232077,-13.83002468,-0.284622399,0.651867585
139.6148334,-29.89873367,4.377335738,3.771545068,-3.4656126,0.459856438,0.296312299,-1.835918215,-0.779271315
139.3979662,-30.15632055,-2.495171079,7.566224092,-3.476853169,1.941350149,-4.697846123,6.938897372,-5.066616254
139.3627624,-30.20412192,-2.186678244,-10.23492218,6.171429159,-2.030184954,0.873533212,2.353671794,-1.972048006
139.5124399,-30.12836777,-0.756352401,0.066821046,-0.186374565,0.112234714,0.761256472,0.100302309,0.003014525
139.3761415,-30.23844876,-1.168879197,-5.679895871,3.148617849,-2.139566006,3.306687284,-1.005073571,-2.492586207
139.7016152,-29.95942076,7.835847235,-5.210401042,0.589358966,-4.108833727,2.387518172,2.739528141,-0.404794016
139.2823973,-30.16593819,1.426129078,-0.870546011,-2.503703252,-1.806182626,1.846702651,-0.663322643,-3.37860157
139.4439925,-30.19045958,-1.199149183,3.125902218,4.573179754,4.326542248,-4.965998982,-4.850668706,-0.728623418
139.5664825,-29.8722504,5.119393165,-6.295697422,-0.664278795,3.13860688,-0.742540249,0.11967987,-2.350247657
139.4918734,-30.07833504,2.581627155,4.918588284,0.217989513,1.483913462,-2.53542165,2.096506183,-3.842451371
139.2893382,-30.1539271,-4.175453687,14.4958461,-6.258867909,5.097803763,1.387522838,-4.620536233,5.325016394
139.4379689,-30.14975162,-0.47706271,3.753792937,-1.52098025,-1.656839804,-3.174340387,3.568279391,-2.25666379
139.6028262,-29.92059745,-0.830507044,0.78970965,-1.358343037,2.346150218,-2.286542967,-4.451990195,-1.33417622
139.5972283,-30.07297563,4.573282184,-5.13844841,2.916553966,-3.67311699,0.144671649,2.034205608,1.987183488
139.5789792,-30.02420177,-0.756352401,0.066821046,-0.186374565,0.112234714,0.761256472,0.100302309,0.003014525
139.5833129,-30.08522056,-2.704975882,-11.24767885,14.33628758,-1.901765459,-0.441244689,-1.138638846,2.152211425
139.4937641,-30.05916674,-0.756352401,0.066821046,-0.186374565,0.112234714,0.761256472,0.100302309,0.003014525
139.283814,-30.13000402,-0.756352401,0.066821046,-0.186374565,0.112234714,0.761256472,0.100302309,0.003014525
139.6312002,-29.96830248,7.606474339,-3.122511554,-1.392227969,1.94810199,0.536596252,3.071894736,1.160301436
139.5547608,-29.95072892,-0.630535103,-1.613515067,5.531649114,1.122830952,-1.449744594,1.621508832,-2.037986151
139.7072438,-29.93621051,12.22263448,-5.38728105,-1.287769461,-3.235748476,2.149953913,3.180654072,-0.634858577
139.5401485,-30.09322951,0.77067799,-1.541435662,1.167259882,-3.493778052,-1.061964827,2.510653647,3.428150609
139.6820235,-29.90570201,6.331726899,-0.595730863,0.944880923,0.972754852,1.39300365,0.301167486,1.495388248
139.6631764,-30.01189475,1.047267622,-0.602983357,4.347392859,-1.336992621,-2.33475861,-1.32220885,-1.112961714
139.5758501,-29.89392581,4.173742686,-3.867419511,-9.051841375,-0.932382133,3.868641932,-2.849342636,-1.87351506
139.3522908,-30.17220663,0.477668066,-0.962898823,2.562058232,2.929368419,-1.970395168,-4.552524389,-0.882512513
139.7289305,-29.95154867,-0.756352401,0.066821046,-0.186374565,0.112234714,0.761256472,0.100302309,0.003014525
139.6341314,-29.84083214,-0.285351096,0.442744408,-2.045591418,5.398708289,-1.968438588,-5.896789999,3.723396431
139.5119342,-29.91258281,-0.756352401,0.066821046,-0.186374565,0.112234714,0.761256472,0.100302309,0.003014525
139.3717653,-30.22679669,-1.925819742,-0.69604339,2.404236381,-2.272493998,-0.695089052,-0.553891621,-1.857290322
139.6692515,-29.87232039,2.91203305,3.117776237,0.835962481,0.402367914,2.405296045,-5.709861335,3.87534699
139.5965188,-29.91132854,4.0056165,-0.671517565,-4.492935585,-0.459459188,1.312182143,-5.473136545,-0.14398424
139.6290997,-29.92778245,0.19532281,0.579487958,1.601406493,2.163661583,-4.826946719,1.001021363,1.12877995
139.5140955,-29.91373979,-0.756352401,0.066821046,-0.186374565,0.112234714,0.761256472,0.100302309,0.003014525
139.3799536,-30.24064545,-1.168879197,-5.679895871,3.148617849,-2.139566006,3.306687284,-1.005073571,-2.492586207
139.5811277,-29.95677297,-5.367487039,1.510289922,0.314411076,3.827161773,-4.169210952,-1.733430108,-0.500407107
139.6196991,-30.01615963,2.764728824,-0.686193693,-1.761640322,-4.5984772,-0.563516314,3.662992655,5.069397952
139.5123157,-30.12456136,-0.756352401,0.066821046,-0.186374565,0.112234714,0.761256472,0.100302309,0.003014525
139.5157086,-29.90655462,7.180784445,-1.807813136,-2.06343434,-1.791834357,-1.727512029,0.507607792,-0.954704386
139.6003301,-30.00175018,9.878025855,-5.126274009,-3.098002262,-0.905094444,5.126580774,3.951398424,-5.629111391
139.7230126,-29.96255311,-0.756352401,0.066821046,-0.186374565,0.112234714,0.761256472,0.100302309,0.003014525
139.6348596,-29.87013921,-0.46712957,-3.955131488,1.542688962,-0.411219108,-10.30863354,8.605784531,10.6130442
139.5624619,-30.03343169,-0.756352401,0.066821046,-0.186374565,0.112234714,0.761256472,0.100302309,0.003014525
139.3225866,-30.20486541,-0.756352401,0.066821046,-0.186374565,0.112234714,0.761256472,0.100302309,0.003014525
139.5178411,-30.11750883,-1.970976144,0.127393567,3.428577278,0.655987529,-4.260665212,1.539367497,4.344349305
139.565373,-30.06540655,-0.756352401,0.066821046,-0.186374565,0.112234714,0.761256472,0.100302309,0.003014525
139.459237,-30.1110335,-0.756352401,0.066821046,-0.186374565,0.112234714,0.761256472,0.100302309,0.003014525
139.4819054,-30.11410117,1.041959079,4.634927024,-3.622349491,1.056999386,-2.300869255,0.370820632,-0.264766429
139.6248107,-29.82801775,6.69522429,-2.053003959,-4.12225781,1.110302306,-3.350682681,-0.644807497,0.58138997
139.6234957,-30.03297549,2.289717756,0.445199849,-1.835481095,-4.583717215,-0.94588128,4.111813077,6.23198473
139.3960119,-30.16650511,-0.916612408,4.078672479,-3.570546109,-0.543354584,-1.048239338,2.686627945,-3.310810573
139.6428301,-29.83280459,2.644069207,2.114068383,-4.296114887,5.449613945,-3.068675047,-6.580851953,4.237309428
139.3722148,-30.16438019,-0.756352401,0.066821046,-0.186374565,0.112234714,0.761256472,0.100302309,0.003014525
139.4588397,-30.11359731,6.193682249,-4.664126974,-3.775931445,-7.116999882,0.027496779,5.517439466,3.560705095
139.6426093,-29.91087386,3.711870561,0.02979947,-2.486339138,2.365209043,1.056962475,-2.000771383,-3.420095879
139.6051555,-30.01062579,9.878025855,-5.126274009,-3.098002262,-0.905094444,5.126580774,3.951398424,-5.629111391
139.6477835,-29.96788517,1.799350632,-0.843453733,-2.087177302,1.687576076,1.839562685,-2.692701828,-1.76586658
139.5717044,-29.94899418,-3.451854078,-2.271130932,4.387691415,1.716652784,-1.911233605,-0.995626315,1.572982375
139.548744,-29.94748419,-4.208945659,-3.805629572,6.616507755,1.946206829,-4.091004872,3.590604627,1.126360764
139.6554304,-29.90302722,0.179353193,-1.24881057,-0.900199595,4.57265047,0.58075534,-1.256541423,0.200466545
139.6439193,-29.9662313,1.651058309,-0.777923286,-1.552312579,1.535784666,1.088088601,-1.401833761,-1.461984971
139.6038002,-29.9946746,9.682032905,-5.192778189,-2.78815985,-0.594749313,4.535337905,3.807077023,-5.250613484
139.6122871,-29.8821522,5.072522358,2.345365458,-4.718783748,1.088657021,-0.670012903,-0.309055034,2.418301075
139.4071008,-30.18088812,-0.903959794,3.668186768,-3.298882462,0.090283483,-0.544784239,1.841874271,-3.24368241
139.6791133,-29.9850952,0.080336254,0.357589031,0.477548477,-1.020583081,0.168050927,-2.48270579,0.46747579
139.5683217,-29.93566822,-3.905814184,-3.331485529,4.865761831,1.400314178,-1.885452839,-0.483541133,2.329680819
139.607862,-29.95571553,-3.711801596,-0.988079531,4.359559874,0.979443866,-2.603462132,1.089119445,-0.150340549
139.3473841,-30.24417987,-1.073627723,-2.037953114,1.142724703,-0.102098201,-1.918108564,3.393472923,-0.420641748
139.2806069,-30.12826335,-0.756352401,0.066821046,-0.186374565,0.112234714,0.761256472,0.100302309,0.003014525
139.5000078,-30.14981691,-0.756352401,0.066821046,-0.186374565,0.112234714,0.761256472,0.100302309,0.003014525
139.725029,-29.96613373,-0.756352401,0.066821046,-0.186374565,0.112234714,0.761256472,0.100302309,0.003014525
139.5773557,-29.98948455,-4.715751291,-3.885915401,0.789554354,5.504910521,-1.838587245,-5.025154371,0.576966613
139.6472551,-30.04013772,-0.756352401,0.066821046,-0.186374565,0.112234714,0.761256472,0.100302309,0.003014525
139.509325,-30.08421989,-1.341619557,5.514940036,-3.624966152,4.093155714,-4.216345214,-4.625134327,-2.608461653
139.6512549,-29.88831706,2.090013156,3.060814711,1.972825594,1.896735568,0.533985643,-3.640870193,1.806612004
139.4957953,-30.07564306,-0.024075253,5.855420537,-1.785480697,3.023767661,-3.800725299,-1.29940447,-3.188752405
139.6927556,-29.89651684,-0.756352401,0.066821046,-0.186374565,0.112234714,0.761256472,0.100302309,0.003014525
139.620214,-29.92796033,-1.549329576,-1.444940138,5.75829972,0.334210956,-5.415701214,2.255228253,2.753544049
139.5453978,-30.05046156,-0.756352401,0.066821046,-0.186374565,0.112234714,0.761256472,0.100302309,0.003014525
139.5887982,-29.94416335,-2.631920968,-0.66018583,2.803751134,1.99346487,-2.060227372,0.802496341,-1.25147569
139.5746322,-29.92631269,-0.756352401,0.066821046,-0.186374565,0.112234714,0.761256472,0.100302309,0.003014525
139.7172242,-29.97842189,3.060050838,-3.189941649,-2.301362454,-0.622086502,1.038762217,2.299048534,0.340414706
139.3634417,-30.21221679,-2.731323739,-0.972847276,3.836199715,-2.839371431,-2.660593088,0.529061535,-2.514388228
139.3548248,-30.24829332,-2.458240146,4.737123643,0.343559442,-2.237673978,-2.991429012,-2.405817559,-3.567864308
139.4492893,-30.17788588,-1.061445742,2.784216919,3.636447701,3.703409476,-5.594959089,-3.329770646,-0.383335774
139.5948425,-29.98597245,-2.0510341,-2.89996788,0.817743658,4.018251735,-0.892570151,-2.920643863,-0.819079095
139.5667923,-29.94626742,-1.64113333,-2.792473704,5.04309045,1.061317095,-1.231792544,0.011429672,1.019802318
139.5323764,-29.89529865,3.817427321,9.841674832,-3.765430738,3.387501182,0.338629352,0.134220219,0.806679172
139.5753885,-29.9328137,-4.755687798,-2.762862029,4.875172432,1.65104115,-3.422987858,0.823848718,2.103921803
139.5670345,-29.97786695,-0.756352401,0.066821046,-0.186374565,0.112234714,0.761256472,0.100302309,0.003014525
139.5820935,-29.85928539,6.945084608,-7.267489072,-3.7246304,4.216158033,-2.150908655,0.890416002,0.503278005
139.3338393,-30.16405782,-0.756352401,0.066821046,-0.186374565,0.112234714,0.761256472,0.100302309,0.003014525
139.6340484,-30.00356527,7.325061923,-3.585132724,-1.60651301,0.083668981,-1.587743514,-0.526229997,-4.403420859
139.4118782,-30.17036142,-0.795415079,4.006067464,-4.559856597,-0.551518255,-1.962195052,2.238576623,-1.891996778
139.5649277,-29.95260223,0.737831884,-1.462238586,5.135417596,0.822006216,-0.360320143,0.471361268,-2.580778908
139.5972991,-30.04652038,4.893093615,-3.455293626,1.996884445,-4.332682183,-2.52874046,0.74868736,0.860424053
139.2905579,-30.13562177,-0.756352401,0.066821046,-0.186374565,0.112234714,0.761256472,0.100302309,0.003014525
139.3543573,-30.17022444,0.501030445,-1.139595943,2.408686379,3.113203776,-1.944840958,-4.513767588,-1.051342935
139.6556965,-29.9924759,3.358719152,1.552221422,1.723693735,-2.341430545,-2.156331426,-1.892055431,-1.921929334
139.4163382,-30.16170357,-1.48950353,4.947397756,-4.164775488,-2.252559862,-3.643975624,3.218670433,-0.619674489
139.6874199,-29.93917248,5.473903273,-5.049947017,-0.593522397,-0.064127311,-0.19603087,0.81238223,-1.265714961
139.6427208,-29.97171525,0.937020247,0.22417384,-1.036383931,1.245344861,0.626444788,-1.065267512,0.146099981
139.641143,-29.93251734,5.051530451,15.03179841,-6.737938822,6.656898701,1.384882664,-0.244664641,1.936548748
139.646001,-29.8480633,0.986159502,1.057357331,-3.291909504,5.287123926,-2.724130632,-5.980195191,3.753301386
139.3329781,-30.21268168,-1.857028154,1.217573786,-1.600336576,-0.487547979,-3.665086271,2.853661567,-1.906544557
139.6216589,-29.99764126,8.16549138,-5.368637221,-1.145881162,2.531888106,-0.867801329,1.868398917,-4.996316616
139.5095767,-30.08787065,-1.477437693,5.20543221,-2.91804193,3.504752039,-4.128943168,-4.217228766,-2.381827877
139.5641462,-30.00366171,-0.756352401,0.066821046,-0.186374565,0.112234714,0.761256472,0.100302309,0.003014525
139.7086235,-29.93397805,12.22263448,-5.38728105,-1.287769461,-3.235748476,2.149953913,3.180654072,-0.634858577
139.5268298,-30.07324867,-0.305982102,1.71190566,-2.753900294,4.060418313,-3.212034252,-3.94512551,-4.336531992
139.6212324,-29.85439373,-2.708522568,4.893794124,1.1150373,2.202336848,-0.44318408,-3.760846464,3.982788534
139.4550746,-30.08607592,3.910448043,7.965569101,0.877983147,3.5682167,-15.52278283,-0.103755007,0.087260869
139.6146105,-29.935127,-2.835524147,-2.970406832,6.009308713,1.114125551,-4.522263763,2.254634902,0.836959628
139.3592412,-30.20168824,-0.756352401,0.066821046,-0.186374565,0.112234714,0.761256472,0.100302309,0.003014525
139.4424458,-30.07457544,-0.756352401,0.066821046,-0.186374565,0.112234714,0.761256472,0.100302309,0.003014525
139.6114673,-29.82515054,-0.756352401,0.066821046,-0.186374565,0.112234714,0.761256472,0.100302309,0.003014525
139.4884806,-30.05976264,-0.756352401,0.066821046,-0.186374565,0.112234714,0.761256472,0.100302309,0.003014525
139.5368385,-30.05846829,-2.481344521,11.99625075,-10.49097308,8.273803371,3.285786187,-6.014531158,-1.066415939
139.5971995,-30.07444845,3.505409935,-4.633403807,3.155870455,-3.630871447,-0.183970795,1.398968626,1.157658971
139.4822332,-30.0595691,-0.756352401,0.066821046,-0.186374565,0.112234714,0.761256472,0.100302309,0.003014525
139.3636277,-30.23918012,-1.49574097,5.96930126,-0.918498936,-2.739053415,-2.007827318,0.250003265,-1.325106372
139.543595,-30.09008489,1.313681134,-4.018613094,1.35538729,-3.053000796,-0.246261123,3.282929846,3.137533621
139.5226474,-29.88812334,-1.605504126,8.722806671,-2.303094287,2.503349572,-2.785582439,-1.766955908,1.902571504
139.6158367,-29.91762894,-2.036062511,-3.104592489,4.636581018,2.158927291,-6.953158162,1.180526828,1.468527135
139.542696,-29.96054579,-0.756352401,0.066821046,-0.186374565,0.112234714,0.761256472,0.100302309,0.003014525
139.6362275,-29.92082063,-0.756352401,0.066821046,-0.186374565,0.112234714,0.761256472,0.100302309,0.003014525
139.720371,-29.94349281,12.22263448,-5.38728105,-1.287769461,-3.235748476,2.149953913,3.180654072,-0.634858577
139.5860959,-29.89922525,-0.756352401,0.066821046,-0.186374565,0.112234714,0.761256472,0.100302309,0.003014525
139.6608515,-30.00068752,3.823589271,1.663773263,2.577840873,-3.165085031,-2.529096329,-1.987440263,-1.881776555
139.4976209,-30.15276906,-0.756352401,0.066821046,-0.186374565,0.112234714,0.761256472,0.100302309,0.003014525
139.4214142,-30.18741261,-2.316780172,12.18465474,-0.767661646,0.191415274,3.148056183,1.952019076,-4.563627125
139.6400337,-29.99972257,5.669697152,-1.365013403,0.296028979,-1.23366367,-0.693034955,-0.123297326,-2.286663447
139.6631074,-29.93867278,-4.279837906,1.954176176,-0.482908428,5.733437963,2.223438153,-4.804258919,4.630682451
139.5734736,-29.92551816,-0.756352401,0.066821046,-0.186374565,0.112234714,0.761256472,0.100302309,0.003014525
139.4899127,-30.13936083,0.504000216,-0.784185365,-2.382158048,-4.370297681,0.315584336,2.012430186,1.78025479
139.4572438,-30.08185853,3.765220465,7.368539013,1.147051933,3.892430825,-15.20241273,-0.12057502,0.166554511
139.6990624,-29.9005151,10.50348157,-6.028609242,0.995101753,-0.622179161,3.530354182,2.166226868,-1.84281915
139.657897,-29.85366259,2.768253217,1.198968695,-3.495375176,1.880694533,-3.2555591,-3.099263194,3.381736805
139.3202056,-30.20508456,-0.756352401,0.066821046,-0.186374565,0.112234714,0.761256472,0.100302309,0.003014525
139.5440708,-29.93320129,-0.756352401,0.066821046,-0.186374565,0.112234714,0.761256472,0.100302309,0.003014525
139.6262629,-29.95962573,7.324044464,-5.442608763,-0.369752916,3.653145309,1.005728078,1.997758445,-0.644194153
139.6416511,-29.91328241,5.297587167,8.8784579,-7.180055276,3.048806951,-3.10523119,-0.822525937,-3.736904065
139.5594182,-29.8602714,-0.756352401,0.066821046,-0.186374565,0.112234714,0.761256472,0.100302309,0.003014525
139.5808837,-29.96587097,-5.826069129,3.438458985,-2.147837599,5.261682582,-5.725093507,-1.814962512,0.033026511
139.5852963,-29.93575028,-3.919729519,-3.170077966,4.186125818,2.039769621,-2.080926151,1.031427407,1.436056766
139.3994022,-30.20444181,-0.756352401,0.066821046,-0.186374565,0.112234714,0.761256472,0.100302309,0.003014525
139.6291122,-29.82222955,-0.756352401,0.066821046,-0.186374565,0.112234714,0.761256472,0.100302309,0.003014525
139.5488453,-29.92630648,-0.756352401,0.066821046,-0.186374565,0.112234714,0.761256472,0.100302309,0.003014525
139.6178826,-29.8227804,-0.756352401,0.066821046,-0.186374565,0.112234714,0.761256472,0.100302309,0.003014525
139.5720272,-29.99670119,-0.756352401,0.066821046,-0.186374565,0.112234714,0.761256472,0.100302309,0.003014525
139.4066007,-30.11484545,-0.756352401,0.066821046,-0.186374565,0.112234714,0.761256472,0.100302309,0.003014525
139.6997196,-29.99499392,-2.306813072,-7.690625646,7.585353315,-1.895490743,-0.469300559,0.721574389,2.450851439
139.6831431,-30.00321952,1.836683769,-1.673971202,2.492900229,-4.102431416,0.39763656,-1.269097788,0.86871297
139.5951398,-29.8462596,-0.756352401,0.066821046,-0.186374565,0.112234714,0.761256472,0.100302309,0.003014525
139.6081179,-29.99560045,9.477805383,-5.318824698,-2.387431792,-0.224385724,3.844314578,3.581572062,-4.732578312
139.4814397,-30.10036215,-2.18517347,13.74658741,-5.90958775,4.276200078,-1.221051812,-0.558847559,0.694773945
139.5993093,-29.83297779,-0.756352401,0.066821046,-0.186374565,0.112234714,0.761256472,0.100302309,0.003014525
139.63856,-29.83834904,-0.134505297,0.517790061,-2.209411712,5.398165869,-2.015454496,-5.943094718,3.737264435
139.6010228,-29.8663155,-0.756352401,0.066821046,-0.186374565,0.112234714,0.761256472,0.100302309,0.003014525
139.6197302,-29.89655627,4.017032539,3.452946568,-3.212200639,0.498759954,0.518806704,-2.192750542,-0.808743522
139.2989207,-30.17876927,-1.82841927,-5.156836241,5.230206562,-0.875150451,2.688983181,0.470718187,-1.875827088
139.5425539,-29.93734398,-0.756352401,0.066821046,-0.186374565,0.112234714,0.761256472,0.100302309,0.003014525
139.5318363,-29.89031354,2.78685129,8.108881371,-2.844546213,2.699233293,-0.770948354,-0.042072632,0.326023257
139.3959309,-30.17305154,-0.885719277,4.13505211,-3.566439653,-0.243988414,-0.764962862,2.702942708,-3.756080123
139.4626251,-30.07623912,-0.756352401,0.066821046,-0.186374565,0.112234714,0.761256472,0.100302309,0.003014525
139.6370984,-29.81879368,-0.756352401,0.066821046,-0.186374565,0.112234714,0.761256472,0.100302309,0.003014525
139.5036946,-30.06822444,-1.837723739,2.939292936,-7.084855521,6.046218561,-3.187884333,-5.593663315,-1.42240953
139.4548601,-30.17261382,-0.655970514,1.322855562,2.546594685,1.978262109,-6.554147024,0.39188335,0.855153101
139.3960961,-30.14866543,-3.417795969,9.851736385,-3.65993657,5.280436703,-5.892178201,8.97170498,-7.651650987
139.4838135,-30.15477516,-0.756352401,0.066821046,-0.186374565,0.112234714,0.761256472,0.100302309,0.003014525
139.6798516,-29.90588992,4.503684667,3.393531326,-0.540695538,1.194476299,-1.453109958,-0.431808643,-0.290062843
139.6445682,-29.95405608,3.349313691,-5.585157315,-0.4254882,2.546262198,2.432880318,2.128976443,-2.986760245
139.3476375,-30.24724981,-3.048009489,-9.314741629,2.481531683,2.540691608,-1.628520161,7.99700191,2.101445028
139.3874457,-30.23474481,-1.168879197,-5.679895871,3.148617849,-2.139566006,3.306687284,-1.005073571,-2.492586207
139.4006285,-30.19567515,-0.756352401,0.066821046,-0.186374565,0.112234714,0.761256472,0.100302309,0.003014525
139.3521349,-30.25167779,-2.533919797,4.998323397,0.20188066,-2.231814471,-3.175214054,-2.432459855,-3.432642816
139.6166703,-29.9427993,-8.270444838,1.392881767,7.643730174,1.900862802,-4.451696504,1.280326381,5.612359309
139.388957,-30.18135644,-0.756352401,0.066821046,-0.186374565,0.112234714,0.761256472,0.100302309,0.003014525
139.4769914,-30.06796809,-0.756352401,0.066821046,-0.186374565,0.112234714,0.761256472,0.100302309,0.003014525
139.6608169,-29.94278306,-4.279837906,1.954176176,-0.482908428,5.733437963,2.223438153,-4.804258919,4.630682451
139.6857587,-29.94054769,5.626293545,-5.577446539,-0.582799745,-0.028118485,0.046818081,0.881131874,-1.208061137
139.6714769,-29.87446958,2.56199546,2.940252262,0.689815196,0.642746933,2.272438163,-5.759652289,3.924193102
139.5512629,-29.93876347,-0.756352401,0.066821046,-0.186374565,0.112234714,0.761256472,0.100302309,0.003014525
139.5980418,-30.00915007,9.878025855,-5.126274009,-3.098002262,-0.905094444,5.126580774,3.951398424,-5.629111391
139.3070994,-30.18078026,-2.388486288,-9.001920317,11.33645788,-2.229098109,1.642259015,2.747864984,0.076436104
139.2960198,-30.171234,1.426129078,-0.870546011,-2.503703252,-1.806182626,1.846702651,-0.663322643,-3.37860157
139.3228218,-30.18746991,-6.052861971,-13.87075909,17.05601475,-5.680968513,4.394910811,3.733152612,3.572404491
139.6910834,-29.94248423,3.157661242,1.481783815,-0.411377377,1.66684987,-2.13174313,0.094240994,0.949674784
139.3608577,-30.23312796,-1.44495678,6.946627898,-1.595790982,-2.310812195,-1.677308682,-0.061037027,-0.879699347
139.2868994,-30.12776714,-0.756352401,0.066821046,-0.186374565,0.112234714,0.761256472,0.100302309,0.003014525
139.3162348,-30.18376394,-3.209649828,-7.649850782,8.570643814,-0.84785653,3.932930124,1.218097795,-0.262783698
139.6092331,-29.88414532,5.899682913,0.503317867,-3.984862197,-0.762765764,2.000931815,-2.813565699,2.490622037
139.5082875,-30.13551115,-0.756352401,0.066821046,-0.186374565,0.112234714,0.761256472,0.100302309,0.003014525
139.6280278,-30.04645984,-0.756352401,0.066821046,-0.186374565,0.112234714,0.761256472,0.100302309,0.003014525
139.5927607,-29.89441585,-0.756352401,0.066821046,-0.186374565,0.112234714,0.761256472,0.100302309,0.003014525
139.59792,-29.95352402,-4.688329406,0.460023295,4.846949753,2.633473583,-3.481493941,0.808315868,1.136468855
139.6841594,-29.89530818,-1.558162827,8.955630398,-3.298308089,5.694005334,-3.885209368,0.288042347,-2.334216668
139.4791495,-30.10554247,-0.756352401,0.066821046,-0.186374565,0.112234714,0.761256472,0.100302309,0.003014525
139.4770781,-30.10613656,5.049659639,6.340515726,-0.123143373,-1.121919777,-1.559899846,-2.034887484,-0.484184394
139.541093,-30.08393577,2.072810281,-4.531798306,1.667931942,-3.20155507,0.491124511,2.998517499,3.63476363
139.439229,-30.08925173,-0.756352401,0.066821046,-0.186374565,0.112234714,0.761256472,0.100302309,0.003014525
139.518962,-30.07449255,1.179273139,0.001538514,-3.835930668,5.28839407,-2.260152979,-4.310330779,-3.785722548
139.6760131,-30.0173535,-0.756352401,0.066821046,-0.186374565,0.112234714,0.761256472,0.100302309,0.003014525
139.3369814,-30.16299639,-0.756352401,0.066821046,-0.186374565,0.112234714,0.761256472,0.100302309,0.003014525
139.5858552,-30.04464433,2.467301681,-1.84157261,1.798364354,-2.564404082,-2.35764637,-0.256735136,-0.387238893
139.5774785,-30.02459675,-0.756352401,0.066821046,-0.186374565,0.112234714,0.761256472,0.100302309,0.003014525
139.6331159,-29.95821474,7.604747064,-5.922276013,-1.680417298,2.185077293,2.391710837,3.889387201,-1.534656339
139.4291675,-30.18966931,-2.316780172,12.18465474,-0.767661646,0.191415274,3.148056183,1.952019076,-4.563627125
139.6683696,-29.9257741,6.857501032,4.03602088,-1.988515594,0.938149728,-1.025852557,1.523766245,-3.530283027
139.3555447,-30.22712563,-1.356186883,3.285269783,0.945233408,-2.523417137,-1.922418455,-0.331288344,-1.793692865
139.5406991,-30.1059313,-2.215129779,5.49237492,-1.711999086,-0.575333299,-5.237632516,0.810129271,3.277463316
139.6137482,-29.95994739,0.548087219,-7.603565549,4.811151937,-0.094888466,-1.237341631,3.296222082,0.422744122
139.4736512,-30.08657886,-1.210392499,-1.444331889,5.609117688,5.634408035,-11.90354282,2.282887928,3.915580951
139.6747366,-29.97550368,-0.430865208,1.105767209,-2.384319864,1.404819262,-0.206003269,-3.936332883,-0.661757224
139.5532633,-29.90877551,1.22549114,8.841474176,-5.393676362,0.029635964,-1.891375176,-1.096541541,-1.04709835
139.3558295,-30.18563449,0.62211473,-0.877882047,2.935442212,2.202839273,-1.849876687,-4.548244038,-0.482128613
139.3143597,-30.1792515,-2.794203866,-4.895020687,4.538666887,0.58414536,2.565151359,0.57551444,-1.316758558
139.6795637,-29.93495037,3.055450917,8.159837597,-2.710611098,1.590447335,-3.115027676,0.247899421,0.069915033
139.6055267,-29.98844013,9.235037266,-6.316748381,-1.197851011,0.943834148,2.096920555,2.462607198,-2.566330541
139.6526064,-29.87783552,5.444136569,4.472634828,0.75470129,0.089846776,1.594035957,-3.447743774,2.056446786
139.5919653,-30.0453479,6.815690995,-5.938495135,2.651514089,-6.996076075,-2.048909752,2.146094796,0.205698216
139.2811043,-30.1592214,-0.756352401,0.066821046,-0.186374565,0.112234714,0.761256472,0.100302309,0.003014525
139.6961338,-29.96257344,6.365659478,-4.959132127,0.296821279,-3.547349062,1.770348391,1.754095549,0.475671547
139.6603857,-30.02393462,-2.417427528,-10.02576406,8.959211901,-5.253434767,8.746606987,-3.367676103,5.199322386
139.5550596,-29.96884152,-4.446101324,-3.623668222,6.58855851,2.22133183,-4.157599466,3.392415425,1.163883523
139.6394208,-29.84343423,0.456498091,0.014516671,-2.76536736,4.906411584,-3.08830022,-4.899120445,3.185590501
139.65375,-29.92504421,4.102330253,15.81069789,-5.488235168,7.107659984,-2.439057656,1.44217617,-2.97779873
139.4323182,-30.1159321,-0.756352401,0.066821046,-0.186374565,0.112234714,0.761256472,0.100302309,0.003014525
139.6365604,-30.01076021,2.960355958,0.571471045,2.879496574,-4.14810746,-2.078809815,-2.98323698,-1.87552476
139.7078204,-29.9821265,5.720427767,-4.929294403,1.407656786,-1.344463858,3.118473069,0.256128476,0.420117981
139.5960142,-30.0016437,9.878025855,-5.126274009,-3.098002262,-0.905094444,5.126580774,3.951398424,-5.629111391
139.2788334,-30.13922915,-0.756352401,0.066821046,-0.186374565,0.112234714,0.761256472,0.100302309,0.003014525
139.4829788,-30.15464944,-0.756352401,0.066821046,-0.186374565,0.112234714,0.761256472,0.100302309,0.003014525
139.4175975,-30.18489785,-2.61740796,11.31324634,-1.212157624,0.757673806,1.602991556,2.75816974,-4.384745722
139.4900842,-30.12344336,0.461649455,2.038765313,-1.409609319,-0.838085234,-2.135652614,0.21033094,-2.535663341
139.5915871,-29.97422122,-5.314935365,-1.338654051,1.769469513,4.853228014,-4.549369856,-1.338342489,1.489262215
139.3030538,-30.15701192,-4.175453687,14.4958461,-6.258867909,5.097803763,1.387522838,-4.620536233,5.325016394
139.4323084,-30.20039033,-0.756352401,0.066821046,-0.186374565,0.112234714,0.761256472,0.100302309,0.003014525
139.3595787,-30.18551829,1.306438586,-3.95251509,0.58924065,4.415518684,-1.072424849,-3.923568299,-2.700402368
139.59911,-30.03677843,1.014687738,0.697949309,-2.775015817,2.421532605,-1.349871978,1.107544281,2.989172206
139.452496,-30.15203216,1.509595698,4.783908805,-2.449381396,0.234289946,-3.117854371,2.461180888,2.571778488
139.5748882,-29.85663944,6.945084608,-7.267489072,-3.7246304,4.216158033,-2.150908655,0.890416002,0.503278005
139.5228157,-30.0949541,-0.756352401,0.066821046,-0.186374565,0.112234714,0.761256472,0.100302309,0.003014525
139.6269258,-29.93028157,0.239236538,-0.590041445,2.481228904,1.905290857,-5.535447042,1.676361515,1.200981182
139.5879591,-29.96711334,-5.741684604,3.087667275,-1.784256503,4.983681985,-5.919064238,-1.455351085,0.167455291
139.5672353,-30.0575125,1.516975572,-1.497715548,5.36950384,-4.570890076,4.3118157,-0.949582946,-0.246775173
139.4550601,-30.11576716,3.431494327,-3.290380356,-1.360074212,-6.981536908,-1.00810846,5.90343243,3.719236282
139.6140069,-29.88697243,5.235523438,0.611016056,-3.891564163,-0.825771886,0.632079836,-1.580979023,3.57882616
139.4931638,-30.11800849,0.713760846,2.396151421,-1.333314642,-0.590043676,-1.923089171,0.547275201,-3.283837721
139.4405924,-30.13648451,-0.688044944,4.750467099,-1.254843059,-1.551952026,-3.471571988,5.344148505,-3.301061557
139.4610119,-30.09841684,3.783569192,8.149258992,0.831537092,3.340931966,-15.74685176,0.136880186,0.269345809
139.5499537,-29.96964994,-0.756352401,0.066821046,-0.186374565,0.112234714,0.761256472,0.100302309,0.003014525
139.6768052,-30.00646604,2.389937086,0.044318721,2.342491547,-2.985816479,-0.385919343,-1.118577221,0.570948779
139.5173879,-30.13116885,-0.756352401,0.066821046,-0.186374565,0.112234714,0.761256472,0.100302309,0.003014525
139.6961031,-29.9960124,1.06162296,-6.828844891,6.451278543,-5.422263027,1.602896872,-1.049372206,5.035895819
139.6754004,-30.01601069,-0.057369523,-0.28495235,5.156810971,0.078315238,-2.715529962,-1.079037252,-1.131216931
139.5531456,-29.95602468,-2.111703188,-1.032651188,5.796066273,1.912504839,-2.062937574,1.661344498,-1.394910437
139.6835777,-29.91777573,0.894729397,3.613941778,-0.736835567,2.65338377,1.486218188,-2.385670343,7.338311889
139.5567732,-29.94286936,0.651626025,-2.067053365,5.23457136,0.601200819,-0.918968833,1.440326794,-2.550695728
139.6640756,-29.8720692,3.927070241,3.419625385,0.568034539,0.081664321,2.139784469,-5.060894937,3.533094442
139.5761226,-30.0567538,1.705654062,-1.74034071,5.245809532,-4.234712686,4.005959327,-1.294049733,-0.360040524
139.5582924,-29.91969254,2.083320908,2.654188884,-3.767485911,1.994603518,-1.216829234,-2.596451865,-4.632399041
139.2769751,-30.16869498,-0.756352401,0.066821046,-0.186374565,0.112234714,0.761256472,0.100302309,0.003014525
139.4404003,-30.18515639,-1.199149183,3.125902218,4.573179754,4.326542248,-4.965998982,-4.850668706,-0.728623418
139.6051178,-30.05544962,-0.756352401,0.066821046,-0.186374565,0.112234714,0.761256472,0.100302309,0.003014525
139.4469711,-30.16295514,0.578615805,-1.089413896,2.605020725,-0.605255457,-3.2258735,1.481112389,-0.619078343
139.5731447,-29.85575017,6.945084608,-7.267489072,-3.7246304,4.216158033,-2.150908655,0.890416002,0.503278005
139.4668833,-30.14000131,2.857903334,1.358499998,-2.431504888,-2.216451581,-0.256743037,2.299042635,5.606884191
139.6973788,-29.91463218,9.079583311,-4.008920165,1.225502049,-0.170594555,2.955767009,1.362673482,-0.152821806
139.6195539,-29.97459613,10.05698686,-6.546724744,-0.800434198,3.257308376,-0.401296718,1.282898089,0.603749946
139.3693852,-30.22429495,-2.278642319,-0.568358942,3.113318974,-2.661685232,-1.513105799,-0.328640624,-1.820747489
139.5660676,-29.94232306,-2.699234449,-2.753933737,5.405121304,1.365807045,-1.601301043,0.110784764,1.732364911
139.296311,-30.16473586,1.426129078,-0.870546011,-2.503703252,-1.806182626,1.846702651,-0.663322643,-3.37860157
139.6493975,-30.01728898,1.973178894,-0.332026997,5.097992089,-7.662571794,0.817947017,-4.340445787,-0.103288541
139.3590347,-30.23400368,-1.347442604,5.541412941,-0.677916208,-2.562118951,-1.773744998,0.034203958,-1.185839963
139.4140659,-30.16708613,-1.779246494,5.616022807,-3.925968749,-1.316914603,-3.243471703,2.967331836,0.440671665
139.4655997,-30.14825287,1.589759057,2.408584879,-3.202328284,-3.130252375,-0.335531399,0.322856328,3.631082207
139.6027467,-29.96807996,-5.616543504,0.293025455,1.245304603,3.523275548,-5.876583475,0.182771123,1.840671172
139.6926727,-29.95562278,8.200057449,-4.862185108,0.688156204,-0.73214847,3.24410155,1.112271108,-1.784804317
139.587585,-30.01212405,-0.756352401,0.066821046,-0.186374565,0.112234714,0.761256472,0.100302309,0.003014525
139.5058341,-30.14637362,-0.756352401,0.066821046,-0.186374565,0.112234714,0.761256472,0.100302309,0.003014525
139.5765667,-29.93743025,-4.154120648,-2.721644381,3.981695429,2.148726712,-2.410012136,-0.078111347,1.941251815
139.3131625,-30.20680853,-0.756352401,0.066821046,-0.186374565,0.112234714,0.761256472,0.100302309,0.003014525
139.62061,-30.00975102,8.983565659,-7.163251898,-0.952216622,3.734206188,0.912753561,2.884197633,-2.683073874
139.2914614,-30.15905134,-0.756352401,0.066821046,-0.186374565,0.112234714,0.761256472,0.100302309,0.003014525
139.5429034,-29.96702637,-0.756352401,0.066821046,-0.186374565,0.112234714,0.761256472,0.100302309,0.003014525
139.5415417,-30.05949591,-2.481344521,11.99625075,-10.49097308,8.273803371,3.285786187,-6.014531158,-1.066415939
139.6137414,-29.82058736,-0.756352401,0.066821046,-0.186374565,0.112234714,0.761256472,0.100302309,0.003014525
139.3459549,-30.19653572,-0.756352401,0.066821046,-0.186374565,0.112234714,0.761256472,0.100302309,0.003014525
139.5805181,-29.90575058,-0.756352401,0.066821046,-0.186374565,0.112234714,0.761256472,0.100302309,0.003014525
139.5601543,-30.08379711,-2.198767951,6.88900732,-3.837491138,-2.738618324,-6.769233463,3.473648614,5.430072516
139.5474752,-30.0942522,-0.964106102,1.966373572,-0.289495792,-3.345265028,-3.19255595,2.708358416,3.743129585
139.6763306,-29.96523635,1.269101538,1.1322054,-0.275663291,-0.296232977,0.567858945,-3.339427444,-0.60945361
139.2786626,-30.17194908,1.426129078,-0.870546011,-2.503703252,-1.806182626,1.846702651,-0.663322643,-3.37860157
139.587424,-29.91606843,-0.756352401,0.066821046,-0.186374565,0.112234714,0.761256472,0.100302309,0.003014525
139.6733832,-29.98236544,-0.08153514,1.46743821,0.101131538,0.634099624,0.466278121,-4.462744092,0.916868595
139.4798341,-30.1056337,-5.20418886,14.89278547,-8.033948271,8.418263673,4.861393551,-5.530213889,1.538548704
139.3511628,-30.19588281,0.297412034,0.811087498,4.388127018,-0.384061694,-1.879727588,-5.19491838,2.063097318
139.7065867,-29.94815928,12.22263448,-5.38728105,-1.287769461,-3.235748476,2.149953913,3.180654072,-0.634858577
139.5795266,-29.95223099,-4.721076723,-0.11481439,1.16812676,3.258868286,-3.170076012,-1.634638931,0.038160733
139.3341807,-30.17852121,-0.756352401,0.066821046,-0.186374565,0.112234714,0.761256472,0.100302309,0.003014525
139.5921388,-30.05504379,2.847186382,-3.900150762,3.280090936,-3.160675632,0.839891286,-2.053006313,0.415718958
139.6069417,-29.83619741,0.886722356,3.451101098,-3.468915313,4.098455008,-2.660710705,-0.56406049,-0.334938879
139.6668429,-29.8695611,3.282360323,3.327033928,1.047958798,0.274467298,2.420256663,-5.486308263,3.682365663
139.3792437,-30.1948177,-0.756352401,0.066821046,-0.186374565,0.112234714,0.761256472,0.100302309,0.003014525
139.4469873,-30.10302813,-0.756352401,0.066821046,-0.186374565,0.112234714,0.761256472,0.100302309,0.003014525
139.6541362,-29.93321704,-1.639891695,10.56199111,-2.417825686,5.240592403,-0.803571492,-2.376952397,-0.008714432
139.4072863,-30.13000875,-0.756352401,0.066821046,-0.186374565,0.112234714,0.761256472,0.100302309,0.003014525
139.6353028,-29.8362402,-0.756352401,0.066821046,-0.186374565,0.112234714,0.761256472,0.100302309,0.003014525
139.6816151,-29.98704371,-0.144941861,-0.556023183,0.175275572,-2.321700375,-0.059039981,-0.90248905,0.746445446
139.6638269,-29.95935217,3.251863695,-0.710230313,-1.1281873,1.461977193,0.35949968,-2.603990626,-1.900582903
139.6085355,-30.02272268,1.181866284,-5.548141646,0.535749975,-2.444439837,-2.119916391,3.702291554,4.299770792
139.687678,-29.98967821,2.123988635,-1.169727773,0.622523582,-2.823238697,-0.298540981,-0.998662069,2.460217913
139.3429709,-30.21005023,-1.947303359,0.562834162,-1.285864896,-0.680074451,-3.626772085,3.072543742,-1.736102211
139.6274692,-29.8943185,3.559956499,2.693303336,-2.456793586,1.069965217,-0.545617948,-0.963934461,-3.230717199
139.4073003,-30.13203299,-0.756352401,0.066821046,-0.186374565,0.112234714,0.761256472,0.100302309,0.003014525
139.6383441,-29.97991669,0.514918067,3.408508439,-0.441399324,1.161560953,0.065951462,1.258449536,1.30263949
139.4689635,-30.08279403,3.163382638,5.205059798,2.135286955,4.916280628,-13.89041244,-0.345784283,0.565303126
139.6148881,-29.92907485,-4.803804741,-5.033630631,3.097532352,3.414384793,-7.341839685,-0.238677289,-0.60951725
139.7005238,-29.90260767,10.50899714,-6.013755784,0.986273755,-0.617952431,3.539166519,2.170051854,-1.837793243
139.6997597,-29.96046072,6.57675214,-4.942358137,0.306057493,-3.583562621,1.957508569,1.954663488,-0.027328897
139.5719582,-29.85543795,6.945084608,-7.267489072,-3.7246304,4.216158033,-2.150908655,0.890416002,0.503278005
139.2900362,-30.17309567,1.426129078,-0.870546011,-2.503703252,-1.806182626,1.846702651,-0.663322643,-3.37860157
139.5772184,-29.94114648,-4.437235785,-2.100488161,3.857339879,2.20190649,-3.01135939,-0.070629703,1.182593382
139.6369808,-29.92362235,-0.756352401,0.066821046,-0.186374565,0.112234714,0.761256472,0.100302309,0.003014525
139.5248266,-30.04615845,-0.756352401,0.066821046,-0.186374565,0.112234714,0.761256472,0.100302309,0.003014525
139.5871598,-30.04309473,2.32564663,-1.519865474,1.194700169,-2.097479417,-2.761650512,-0.206380087,-0.241752883
139.6590004,-30.0257695,-2.417427528,-10.02576406,8.959211901,-5.253434767,8.746606987,-3.367676103,5.199322386
139.6816862,-29.9557275,-1.543019306,1.096552922,0.090404619,0.589341604,0.183654081,-4.099361827,1.808645209
139.4727762,-30.14050967,1.845725865,1.878538178,-3.750302562,-3.436817975,0.25994717,-1.500779494,2.808242165
139.5926068,-29.94332108,-3.461837106,-1.192621223,3.84759386,1.886548295,-1.697624806,1.09025088,-0.99041052
139.345288,-30.21897047,-2.272857159,-0.339237818,-0.140795484,-1.010382068,-3.175415321,3.274222694,-1.225498423
139.4093609,-30.1757009,-0.626547409,2.943940713,-3.420143319,0.094507103,-0.363761717,1.187898245,-2.943799159
139.5951092,-29.88389917,6.018049069,2.757345685,-7.416573938,2.301614714,-0.36427702,-2.373969704,-1.219255375
139.3610966,-30.22297202,-0.858111506,0.508813228,2.348308907,-3.895104891,-0.770345261,-1.577665867,-1.208226942
139.5997486,-29.85254928,-2.028750253,13.97842844,-4.720797334,4.837052549,-2.426015387,-0.071624876,3.040016242
139.5260743,-30.09681228,-0.48327395,0.28267131,3.188027231,-1.724461984,-2.663837634,1.204853857,4.397885976
139.6188381,-29.8606597,-1.10961429,6.238256602,-0.616834289,2.459061858,-1.155303983,-3.172488141,2.998986758
139.6604136,-29.89363095,-0.460747674,4.365689223,0.786003576,2.729417509,-0.606605355,-5.265274987,3.451854871
139.4709666,-30.1308078,4.65535175,4.619472674,-5.091951088,-7.116255762,2.82444882,-0.316559514,9.989400779
139.5838384,-29.98694497,-4.715751291,-3.885915401,0.789554354,5.504910521,-1.838587245,-5.025154371,0.576966613
139.3335675,-30.24274943,-3.048009489,-9.314741629,2.481531683,2.540691608,-1.628520161,7.99700191,2.101445028
139.4615638,-30.10213658,3.731349351,7.76185652,0.996061166,3.605960874,-15.51363388,0.074627808,0.263638454
139.5332251,-30.08377944,1.944833347,-3.489162999,-0.564434063,-0.28389374,-1.45209264,0.499432281,-1.128459649
139.5541563,-30.10628846,-2.657897773,6.144820535,-2.456889691,-2.706782841,-6.153764018,2.520251098,4.539723777
139.5768162,-29.9852393,-4.715751291,-3.885915401,0.789554354,5.504910521,-1.838587245,-5.025154371,0.576966613
139.3044974,-30.15297126,-4.175453687,14.4958461,-6.258867909,5.097803763,1.387522838,-4.620536233,5.325016394
139.3394615,-30.22554434,-1.64926314,6.219033703,-0.840743837,1.328322184,-1.709327473,0.782822121,-3.555994752
139.3947736,-30.15594378,-3.417795969,9.851736385,-3.65993657,5.280436703,-5.892178201,8.97170498,-7.651650987
139.3702304,-30.2485301,-0.756352401,0.066821046,-0.186374565,0.112234714,0.761256472,0.100302309,0.003014525
139.6575604,-30.00772497,2.173544057,0.350173369,3.029677327,-2.70979487,-2.305261364,-1.787617113,-1.038933221
139.5214143,-29.8978131,8.617368334,-0.526215662,-1.378425239,-2.800852399,-3.046573174,0.359918219,0.235447311
139.6908702,-29.98898495,2.308443297,-5.897467081,2.857845901,-2.303561959,1.342786042,-0.539402845,0.553141918
139.329812,-30.20927284,-0.756352401,0.066821046,-0.186374565,0.112234714,0.761256472,0.100302309,0.003014525
139.4190396,-30.18703883,-2.316780172,12.18465474,-0.767661646,0.191415274,3.148056183,1.952019076,-4.563627125
139.5787315,-29.86485353,6.941170424,-6.540418711,-4.021678783,4.065184969,-2.130765428,0.692458367,0.37765557
139.7094107,-29.96008881,7.212022912,-4.234886718,0.41672919,-4.269120346,2.191112816,2.948932044,-1.250324813
139.6456724,-29.96116538,3.668224706,-4.121806507,-1.93098638,2.193544156,2.266061089,-0.264840401,-2.02231066
139.3875429,-30.22305046,-0.125898966,-7.027524275,-0.515281386,-2.216220464,3.790368463,-0.032315507,-3.130851828
139.5570315,-29.95465859,-2.150158113,-1.677233901,5.884726621,1.680362743,-2.289833455,2.018988652,-1.069708003
139.3735144,-30.23994552,-0.756352401,0.066821046,-0.186374565,0.112234714,0.761256472,0.100302309,0.003014525
139.5580988,-29.96581467,-2.011514846,-0.827610023,5.804791632,1.997081555,-1.865828113,1.429062463,-1.613080502
139.6971411,-29.90114369,10.49847949,-6.042129112,1.003136554,-0.625992314,3.522389657,2.162705457,-1.847355613
139.6335902,-29.87415384,-0.46712957,-3.955131488,1.542688962,-0.411219108,-10.30863354,8.605784531,10.6130442
139.2780163,-30.16756041,-0.756352401,0.066821046,-0.186374565,0.112234714,0.761256472,0.100302309,0.003014525
139.6507967,-30.01747835,1.69581756,-0.839582558,5.320776329,-7.513039177,1.171265842,-4.338054428,0.130105923
139.3008032,-30.14751255,-4.175453687,14.4958461,-6.258867909,5.097803763,1.387522838,-4.620536233,5.325016394
139.6940588,-29.89521789,-0.756352401,0.066821046,-0.186374565,0.112234714,0.761256472,0.100302309,0.003014525
139.7117763,-29.95216509,12.22263448,-5.38728105,-1.287769461,-3.235748476,2.149953913,3.180654072,-0.634858577
139.6905837,-29.95428425,8.041957629,-4.794471168,0.708480738,-0.561108606,3.197741121,1.052943286,-1.815966211
139.6299388,-29.94181859,-0.36819665,8.483678926,-1.213015297,4.509502628,-3.015768831,0.149160083,3.061292566
139.6865082,-29.96576477,1.633213018,-0.185110576,-1.455442373,-0.215357898,-0.218467851,-3.258881194,-0.743003434
139.5270681,-29.89241481,1.540052847,7.556817557,-2.519021185,2.517605419,-1.361435302,-0.310426049,0.45217489
139.5607151,-30.08988336,-2.77396109,5.643868857,-1.491145292,-3.338530738,-6.436684281,3.427217624,5.393867763
139.5330318,-30.09538569,0.251265558,0.607157468,1.369037566,-3.087709179,-1.854021401,1.632962842,4.023900427
139.4532068,-30.12429735,0.813419801,1.78992434,-2.177846811,-2.08005547,-1.05263525,3.164725709,2.184804193
139.4441035,-30.09668562,-0.756352401,0.066821046,-0.186374565,0.112234714,0.761256472,0.100302309,0.003014525
139.686745,-29.97291259,1.392935365,-1.813830356,-2.148305952,-0.527604677,0.530616579,-2.925360586,-0.999793388
139.5910586,-29.8692045,6.726207313,-2.940704638,-5.406874274,3.403268669,-1.785629283,-0.402957997,-0.26680667
139.3488624,-30.16196115,-0.756352401,0.066821046,-0.186374565,0.112234714,0.761256472,0.100302309,0.003014525
139.6565745,-30.00295446,3.029368826,0.450181158,1.969091838,-2.916500744,-1.67878226,-1.630959795,-1.419819262
139.349391,-30.16335068,-0.756352401,0.066821046,-0.186374565,0.112234714,0.761256472,0.100302309,0.003014525
139.6382431,-29.95784711,5.414812335,-6.642716017,-0.723616602,2.201528878,2.505057789,3.11298386,-3.769428495
139.5580998,-29.88179034,5.297463196,-6.185527792,-0.750989068,3.191807221,-0.73715384,0.478842335,-2.445765501
139.3841313,-30.18467297,-0.756352401,0.066821046,-0.186374565,0.112234714,0.761256472,0.100302309,0.003014525
139.453629,-30.08962737,4.044261332,8.405249105,0.676203753,3.338534259,-15.72195668,-0.148752557,-0.002426223
139.5923541,-29.87294975,6.018049069,2.757345685,-7.416573938,2.301614714,-0.36427702,-2.373969704,-1.219255375
139.539021,-30.10298317,-1.812647516,5.258804806,-2.123953864,-0.912540298,-5.254245982,1.575373174,3.752993299
139.6151769,-30.01418288,2.698476374,-0.52928543,-1.7694477,-4.595742547,-0.622079422,3.730581058,5.221410509
139.4584942,-30.1470036,1.28048107,4.159725754,-3.158594293,-1.231341543,-1.742161026,1.794003055,3.305385171
139.2974952,-30.12510251,-0.756352401,0.066821046,-0.186374565,0.112234714,0.761256472,0.100302309,0.003014525
139.6365843,-30.0019683,6.833310016,-2.894970339,-0.918303331,-0.575747516,-1.664083868,-0.710460987,-3.875839849
139.6096211,-29.92559287,-1.845961911,-4.140274809,4.547816162,1.972695518,-6.099379341,1.932805121,0.750437476
139.6958576,-29.92265742,4.949728169,3.134937109,0.359783042,0.683806466,-0.514598673,-0.331718657,0.793236759
139.5467282,-29.96836738,-0.756352401,0.066821046,-0.186374565,0.112234714,0.761256472,0.100302309,0.003014525
139.4237559,-30.20154297,-0.756352401,0.066821046,-0.186374565,0.112234714,0.761256472,0.100302309,0.003014525
139.3546659,-30.16005809,-0.756352401,0.066821046,-0.186374565,0.112234714,0.761256472,0.100302309,0.003014525
139.3422531,-30.1961212,-0.756352401,0.066821046,-0.186374565,0.112234714,0.761256472,0.100302309,0.003014525
139.383093,-30.14832012,-0.756352401,0.066821046,-0.186374565,0.112234714,0.761256472,0.100302309,0.003014525
139.2920373,-30.15991016,-0.756352401,0.066821046,-0.186374565,0.112234714,0.761256472,0.100302309,0.003014525
139.6925677,-29.96362993,3.505054722,-2.122330656,-0.223284574,-1.45128074,0.586541003,-0.858358772,-0.386608906
139.5516868,-29.8930509,1.776922264,10.0581965,-5.276340628,0.05866053,-0.967140258,-0.503927147,-0.95528161
139.5502191,-29.95053096,-1.493238022,-0.897894532,5.662852461,1.710439731,-1.664107535,1.500771482,-1.876929182
139.4127357,-30.1661465,-1.471334646,5.702699068,-4.302062187,-1.458424622,-3.372721955,3.28031683,0.515836591
139.585755,-29.96993573,-5.541571731,1.983993667,-1.521059366,6.072202644,-4.776299952,-2.234669113,-0.725183458
139.3095757,-30.19490191,-2.865119976,-11.37636915,15.09250121,-4.099817433,1.706986726,3.219697504,1.477730467
139.372822,-30.24349828,-0.756352401,0.066821046,-0.186374565,0.112234714,0.761256472,0.100302309,0.003014525
139.4111965,-30.2154864,-0.756352401,0.066821046,-0.186374565,0.112234714,0.761256472,0.100302309,0.003014525
139.4223301,-30.1837923,-2.316780172,12.18465474,-0.767661646,0.191415274,3.148056183,1.952019076,-4.563627125
139.5631209,-29.85376442,-0.756352401,0.066821046,-0.186374565,0.112234714,0.761256472,0.100302309,0.003014525
139.5870593,-30.05001974,3.829005301,-3.366875227,3.253119378,-3.768402704,-0.702824579,-0.356406482,0.026068867
139.6666527,-29.89219784,-0.767924801,3.64365879,0.797971169,2.657177059,-2.952811575,-3.138253998,1.195386066
139.4633065,-30.16019565,1.302547564,6.281269072,-4.375739958,3.041371826,-2.963107859,3.218992752,1.622155812
139.327983,-30.20134976,-0.756352401,0.066821046,-0.186374565,0.112234714,0.761256472,0.100302309,0.003014525
139.5170243,-30.13957892,-0.756352401,0.066821046,-0.186374565,0.112234714,0.761256472,0.100302309,0.003014525
139.6704295,-29.89506008,-0.170885322,9.063422169,-4.129402234,3.402773469,-4.558473161,-1.260393406,3.865985238
139.4448645,-30.16981559,-0.44460968,0.498643922,2.432735908,0.759225575,-5.597509926,1.197716236,0.961507936
139.5683146,-30.05381086,1.516975572,-1.497715548,5.36950384,-4.570890076,4.3118157,-0.949582946,-0.246775173
139.558759,-29.87766196,5.623908937,-5.990217462,-0.902453361,3.281034532,-0.738493631,1.183949411,-2.628116787
139.4961034,-30.08673042,-1.399350849,6.017829812,-1.836569901,2.507995759,-3.64836545,-1.337469781,-2.082875904
139.6105632,-30.04489143,-0.756352401,0.066821046,-0.186374565,0.112234714,0.761256472,0.100302309,0.003014525
139.5434078,-29.94648285,-0.756352401,0.066821046,-0.186374565,0.112234714,0.761256472,0.100302309,0.003014525
139.6105089,-29.959441,-1.947992246,-6.35247199,5.638048375,-0.35347745,-2.725848435,3.560396999,1.555003866
139.7038209,-29.95914812,7.85024705,-5.028092326,0.450013664,-4.031890755,2.363422261,2.774518666,-0.699200122
139.4021218,-30.18813222,2.444537533,-3.701388893,-3.173238742,2.899993754,2.289143392,-6.636903374,-3.930060523
139.4687604,-30.12580979,3.19182844,-1.045998913,-2.849026778,-3.942613334,-0.91974219,1.555345928,2.136444884
139.5874804,-30.01667045,-0.756352401,0.066821046,-0.186374565,0.112234714,0.761256472,0.100302309,0.003014525
139.6703184,-29.88833743,-0.496422458,4.634649543,0.552890743,2.345196875,-2.579455482,-2.820647265,0.225537159
139.2702392,-30.15770286,-0.756352401,0.066821046,-0.186374565,0.112234714,0.761256472,0.100302309,0.003014525
139.6282809,-29.82234238,-0.756352401,0.066821046,-0.186374565,0.112234714,0.761256472,0.100302309,0.003014525
139.472865,-30.1568436,4.196927822,1.943695112,-4.50141631,-7.949411005,2.017989003,-3.257506648,4.678998945
139.4680621,-30.13662633,1.460058023,2.098538301,-3.533184138,-3.377495043,-0.669067189,0.611129644,2.842925768
139.4602531,-30.06836301,-0.756352401,0.066821046,-0.186374565,0.112234714,0.761256472,0.100302309,0.003014525
139.4684999,-30.17144103,-0.756352401,0.066821046,-0.186374565,0.112234714,0.761256472,0.100302309,0.003014525
139.5132503,-30.0653737,-4.102831714,-1.179892526,-4.215676634,3.068782486,-1.236437044,-2.315062708,1.085369423
139.342294,-30.24923212,-3.048009489,-9.314741629,2.481531683,2.540691608,-1.628520161,7.99700191,2.101445028
139.4758621,-30.14947442,1.691506538,1.754323724,-3.310989511,-3.793199878,0.200148501,-0.116860725,2.505468037
139.322757,-30.20806158,-0.756352401,0.066821046,-0.186374565,0.112234714,0.761256472,0.100302309,0.003014525
139.5782262,-29.92197349,-0.756352401,0.066821046,-0.186374565,0.112234714,0.761256472,0.100302309,0.003014525
139.5929547,-29.90101226,4.0056165,-0.671517565,-4.492935585,-0.459459188,1.312182143,-5.473136545,-0.14398424
139.6258485,-30.03949981,2.441955739,0.081431845,-1.807649929,-4.586545937,-0.833572198,3.977963217,5.840594211
139.5516649,-29.9658425,-4.446125715,-3.623649586,6.588555227,2.221360427,-4.157606322,3.392394702,1.163887295
139.5669995,-30.06683696,-0.756352401,0.066821046,-0.186374565,0.112234714,0.761256472,0.100302309,0.003014525
139.3974512,-30.20613353,-0.756352401,0.066821046,-0.186374565,0.112234714,0.761256472,0.100302309,0.003014525
139.4182586,-30.11494778,-0.756352401,0.066821046,-0.186374565,0.112234714,0.761256472,0.100302309,0.003014525
139.5128358,-29.90133746,3.063917019,2.235930854,-0.772768007,-0.563114988,-3.098782016,-0.435030417,0.783747645
139.543011,-29.88627604,3.817547762,13.83145013,-4.750853002,2.056573966,0.844516703,0.18371717,0.758916241
139.5929881,-29.88206454,6.018049069,2.757345685,-7.416573938,2.301614714,-0.36427702,-2.373969704,-1.219255375
139.4353818,-30.2011492,-0.756352401,0.066821046,-0.186374565,0.112234714,0.761256472,0.100302309,0.003014525
139.652459,-29.85077536,2.348207913,0.925233863,-3.360700803,2.359538472,-3.409604393,-3.39484977,3.587728762
139.4348767,-30.11905605,-0.756352401,0.066821046,-0.186374565,0.112234714,0.761256472,0.100302309,0.003014525
139.5500722,-29.9538656,-1.726308935,-0.930008809,5.714437514,1.791216278,-1.804473935,1.547693205,-1.704845957
139.6323133,-29.89194407,4.357183785,-1.370206696,-1.256620899,-0.799617385,-0.365024916,-0.017055437,-2.813049411
139.3032186,-30.13155578,-0.756352401,0.066821046,-0.186374565,0.112234714,0.761256472,0.100302309,0.003014525
139.6822968,-29.99076683,-5.591600399,-0.622746714,-1.275900565,-1.762086014,-1.860286756,2.449646304,1.436374999
139.6638246,-29.97105511,6.666647735,-4.494989075,0.054398564,0.549367629,3.144941176,1.761262455,-1.033852028
139.4780244,-30.09173122,-1.289482821,-1.68047842,5.567652491,5.672721792,-11.20313085,1.533325371,3.887463147
139.6553254,-29.9480205,-4.279837906,1.954176176,-0.482908428,5.733437963,2.223438153,-4.804258919,4.630682451
139.4359653,-30.08320504,-0.756352401,0.066821046,-0.186374565,0.112234714,0.761256472,0.100302309,0.003014525
139.6318878,-29.95289985,4.818420314,-3.950316855,-0.071565245,3.765641525,0.658737015,1.878720682,-1.820757511
139.2922758,-30.15181477,-4.175453687,14.4958461,-6.258867909,5.097803763,1.387522838,-4.620536233,5.325016394
139.4828916,-30.11261053,1.115115868,4.993579411,-3.72559426,1.309204719,-2.518576062,0.286305379,-0.291594198
139.5928642,-29.94143844,-3.482893015,-1.208265351,3.965678804,1.753883836,-1.84591209,1.174926526,-0.854521518
139.4408974,-30.07163069,-0.756352401,0.066821046,-0.186374565,0.112234714,0.761256472,0.100302309,0.003014525
139.6343355,-29.96956435,5.490962589,-2.916442862,-1.197926321,1.727082006,0.673699145,2.584555761,1.93774593
139.6529218,-29.97004308,1.90392854,-0.402528207,-1.660604726,1.618822966,1.461727724,-2.946063948,-2.032689981
139.6382667,-29.87261271,5.964318288,2.030750279,-4.659481404,0.789548999,-2.970860425,0.967095828,3.476440913
139.7295958,-29.97541226,-0.756352401,0.066821046,-0.186374565,0.112234714,0.761256472,0.100302309,0.003014525
139.2764393,-30.15702692,-0.756352401,0.066821046,-0.186374565,0.112234714,0.761256472,0.100302309,0.003014525
139.5634303,-29.90611804,1.80755164,3.380372817,-4.045994057,1.536663336,-1.441755683,-2.533718485,-4.01320046
139.5627874,-30.03945065,-0.756352401,0.066821046,-0.186374565,0.112234714,0.761256472,0.100302309,0.003014525
139.5956155,-30.06063746,0.981561449,-3.175788581,4.075225389,-3.186698093,-0.458993868,-1.357346085,-1.10034632
139.4109777,-30.11957602,-0.756352401,0.066821046,-0.186374565,0.112234714,0.761256472,0.100302309,0.003014525
139.3296954,-30.19902203,-0.756352401,0.066821046,-0.186374565,0.112234714,0.761256472,0.100302309,0.003014525
139.6635799,-29.88344743,2.505115734,4.667622995,2.07030985,1.132153692,0.959589095,-4.514617295,1.907951564
139.4876031,-30.07234769,4.805059967,3.814555153,-0.322567099,1.621752674,-1.573497576,3.449295372,-3.907475174
139.5461794,-30.06431277,-2.481344521,11.99625075,-10.49097308,8.273803371,3.285786187,-6.014531158,-1.066415939
139.4892261,-30.15937376,-0.756352401,0.066821046,-0.186374565,0.112234714,0.761256472,0.100302309,0.003014525
139.3660679,-30.24589626,-0.756352401,0.066821046,-0.186374565,0.112234714,0.761256472,0.100302309,0.003014525
139.5507426,-29.96412474,-4.442911522,-3.626105572,6.588987204,2.217592469,-4.156702937,3.395124968,1.163390142
139.7227425,-29.96529144,-0.756352401,0.066821046,-0.186374565,0.112234714,0.761256472,0.100302309,0.003014525
139.482587,-30.08536895,3.01618763,3.120588422,-0.003316246,2.570532293,-2.574884395,2.878896999,-1.707781128
139.6165195,-29.99680404,8.974504587,-6.530596413,-1.367594807,2.357097476,1.602045186,3.371783434,-3.691680272
139.3328178,-30.20740075,-0.756352401,0.066821046,-0.186374565,0.112234714,0.761256472,0.100302309,0.003014525
139.6818002,-29.87751482,-0.732361427,9.334014243,-0.984336285,3.502072633,-1.439424881,-3.608297181,-2.546107993
139.3837591,-30.16526221,-0.756352401,0.066821046,-0.186374565,0.112234714,0.761256472,0.100302309,0.003014525
139.6303805,-29.88897707,3.836348104,0.210472068,-1.754995639,-0.271654219,-1.014294211,-0.314815845,-2.364734948
139.6279617,-29.87364015,3.650585472,1.001371566,-4.453811072,1.174039887,-5.64757989,3.976401799,6.500716509
139.6101043,-29.91927093,-0.57433151,-2.493669569,2.728940692,1.946424889,-5.685971096,0.344629522,0.628630754
139.497936,-30.09316168,-1.629561544,7.523766914,-3.309863298,3.077241956,-3.332657406,-0.573601269,-2.074107902
139.5344189,-30.11356335,-2.338036765,2.915125565,0.818843159,0.662675255,-5.113773871,0.915042339,3.538021021
139.6719328,-30.00372196,2.711906994,0.847373816,2.465863678,-2.775648934,-1.040796433,-1.512990414,0.245363622
139.4972334,-30.06354345,-0.756352401,0.066821046,-0.186374565,0.112234714,0.761256472,0.100302309,0.003014525
139.3296285,-30.22958627,-1.578904004,7.618197217,-0.173969194,2.088263628,-1.183270782,-0.537303469,-4.165886002
139.649237,-29.88951788,2.172978071,0.864088991,1.565490292,1.434148752,0.325287711,-2.212610784,0.806683181
139.6097069,-29.92636552,-1.921811772,-2.922638274,3.93487969,2.07183978,-5.759338959,0.986432122,0.814209965
139.6358094,-29.872035,-0.46712957,-3.955131488,1.542688962,-0.411219108,-10.30863354,8.605784531,10.6130442
139.7020801,-29.94169496,8.783485282,-2.475516943,-0.440637302,-0.399991073,0.700917991,2.491218512,0.586727057
139.5731965,-30.04186835,-4.695138628,6.702220273,-5.336547412,7.24741099,-3.60146475,-7.468219899,-2.874130699
139.4816171,-30.1274292,1.129428886,1.956376676,-6.234132828,-1.964389078,-0.067731901,1.629118418,1.545263708
139.5825359,-29.84103928,-0.756352401,0.066821046,-0.186374565,0.112234714,0.761256472,0.100302309,0.003014525
139.620897,-29.83546697,3.196336225,0.993048553,-3.610877897,2.522797274,-3.121224815,-0.670628547,0.058513148
139.4804904,-30.09187503,1.27309942,2.073797361,0.431337944,3.726201346,-4.257488522,1.915924643,0.5758386
139.5407719,-30.04157892,-0.756352401,0.066821046,-0.186374565,0.112234714,0.761256472,0.100302309,0.003014525
139.6629756,-29.90712505,0.55211355,4.673828119,-1.780329175,2.766173027,-2.017025483,-1.474953155,-0.206415272
139.5565474,-29.95323964,-1.450981217,-1.599659368,5.721447039,1.397313289,-1.904669817,1.877295828,-1.531590472
139.2798572,-30.17281791,1.426129078,-0.870546011,-2.503703252,-1.806182626,1.846702651,-0.663322643,-3.37860157
139.6618382,-29.89803992,-2.095397664,4.715334106,-0.476194091,3.050055389,-0.222119279,-5.195997515,4.199812544
139.6644733,-29.98573441,0.711697598,1.534423279,0.696585499,0.598852758,-0.223158397,-3.822197433,0.175105939
139.4542501,-30.08666585,3.937636461,8.051413146,0.838225105,3.523773699,-15.56214666,-0.112486867,0.068723586
139.4499504,-30.09467364,3.944334324,8.873506545,0.516231923,2.972007086,-16.07896522,0.086316894,0.186813524
139.5472289,-29.87847401,-0.756352401,0.066821046,-0.186374565,0.112234714,0.761256472,0.100302309,0.003014525
139.6256955,-29.88329073,3.031050243,-0.107242312,-2.996155659,-0.49688624,-5.057373751,3.571146949,7.495567791
139.6758962,-29.91879823,8.071654138,-0.090737906,0.011471218,0.734397342,1.990780789,1.333162133,-2.248158612
139.4943706,-30.14067555,-2.755467522,-0.679892861,-3.070071519,-4.723478627,3.150431841,2.996791308,5.335893254
139.5320045,-30.05142678,-2.481344521,11.99625075,-10.49097308,8.273803371,3.285786187,-6.014531158,-1.066415939
139.5420363,-30.07176211,-0.587047636,7.301572965,-6.618060572,7.421967228,0.284563782,-5.486478866,-2.153122483
139.4371915,-30.10722389,-0.756352401,0.066821046,-0.186374565,0.112234714,0.761256472,0.100302309,0.003014525
139.5991293,-30.00567488,9.878025855,-5.126274009,-3.098002262,-0.905094444,5.126580774,3.951398424,-5.629111391
139.5024654,-30.14100289,-0.756352401,0.066821046,-0.186374565,0.112234714,0.761256472,0.100302309,0.003014525
139.4881304,-30.12563638,-0.086746982,2.150158102,-2.400448417,0.136578598,-1.877846306,1.037457351,0.836910782
139.380313,-30.23891833,-1.168879197,-5.679895871,3.148617849,-2.139566006,3.306687284,-1.005073571,-2.492586207
139.5928593,-29.91492619,4.0056165,-0.671517565,-4.492935585,-0.459459188,1.312182143,-5.473136545,-0.14398424
139.6195178,-29.82237671,-0.756352401,0.066821046,-0.186374565,0.112234714,0.761256472,0.100302309,0.003014525
139.5833181,-29.99451328,-4.715751291,-3.885915401,0.789554354,5.504910521,-1.838587245,-5.025154371,0.576966613
139.5833403,-30.02188812,-0.756352401,0.066821046,-0.186374565,0.112234714,0.761256472,0.100302309,0.003014525
139.4856833,-30.07412582,4.805059967,3.814555153,-0.322567099,1.621752674,-1.573497576,3.449295372,-3.907475174
139.58203,-29.95812945,-5.519087464,1.950620524,-0.074917506,4.071098275,-4.355957193,-1.809603766,-0.560987391
139.6462549,-29.9523697,1.540556563,-3.873491228,-0.07025844,3.01616413,1.995979024,0.910605053,-1.251403964
139.6658959,-30.00464673,1.179405804,0.151117836,3.966427677,-0.898399697,-2.520084962,-1.251579466,-0.791135347
139.2879912,-30.17658869,1.426129078,-0.870546011,-2.503703252,-1.806182626,1.846702651,-0.663322643,-3.37860157
139.3619527,-30.2441319,-1.416823999,7.981289062,-2.143046691,-2.229256988,-1.410364934,-0.212763994,-0.747623586
139.5801008,-29.94180865,-4.532585957,-1.772215226,3.429820205,2.3332603,-3.14845787,-0.002908474,0.796561755
139.6063217,-29.99451414,9.516957645,-5.287361804,-2.472583349,-0.30100171,3.98487586,3.633668488,-4.846584963
139.4068948,-30.14170154,-1.175077523,5.319845852,-4.818318649,0.767703013,-2.833219938,5.465170563,-3.524958734
139.4005924,-30.1544141,-1.750910263,5.81984329,-3.468432129,-0.586725654,-4.520881499,5.799077752,-3.325393557
139.3353409,-30.21572104,-1.901281783,3.260579397,-1.093649357,0.438076127,-2.630849548,2.413124618,-2.584222732
139.5648829,-29.98854774,-0.756352401,0.066821046,-0.186374565,0.112234714,0.761256472,0.100302309,0.003014525
139.681338,-29.99103531,-2.658084376,-0.052086854,1.286798596,-1.636367942,-1.117351484,0.111576568,-0.19162427
139.5623862,-29.90635372,1.872168491,3.202060239,-3.934890157,1.678864575,-1.389658761,-2.547486254,-4.190461532
139.5563862,-30.05397662,-0.756352401,0.066821046,-0.186374565,0.112234714,0.761256472,0.100302309,0.003014525
139.5919574,-29.85112926,6.945084608,-7.267489072,-3.7246304,4.216158033,-2.150908655,0.890416002,0.503278005
139.6970624,-29.91378014,9.308076719,-4.264275484,1.172597653,-0.22506961,3.067593373,1.484418945,-0.382652613
139.3556439,-30.24557542,-1.013946899,7.768961062,-1.726284958,-3.271548651,-0.132114664,-0.185837913,-0.486403365
139.4482443,-30.09360803,3.903761725,8.808200913,0.549638889,2.997594991,-16.06635423,0.122293252,0.224190264
139.5062733,-29.91050299,-0.756352401,0.066821046,-0.186374565,0.112234714,0.761256472,0.100302309,0.003014525
139.6488303,-30.02192726,-1.089845612,-6.348180614,8.048100638,-6.191661795,5.625880582,-3.996497745,2.845460012
139.5421735,-29.8999138,3.580271046,10.47086744,-3.793991265,1.678764012,-0.157605722,-0.282770963,-0.974873995
139.5207045,-29.90503406,4.393094756,1.525469894,-1.158122664,-0.445564252,-2.402837269,0.077253138,0.041491045
139.6407698,-30.01632408,2.684776381,0.956117009,4.692540471,-8.087838463,0.049634442,-4.390954852,-0.684903232
139.6504087,-29.92298209,4.102330253,15.81069789,-5.488235168,7.107659984,-2.439057656,1.44217617,-2.97779873
139.6643626,-29.97275061,3.64525958,-1.862893974,0.329433437,0.724551303,1.715766325,-0.296524388,-1.105905357
139.6964754,-29.92958894,3.552568012,9.437775301,-3.123548586,1.612150123,-2.677488348,0.378279118,-1.007191217
139.3348187,-30.21373857,-1.910546115,3.197619233,-1.057323765,0.417231257,-2.606547394,2.437367065,-2.561886634
139.3869705,-30.20010646,-0.756352401,0.066821046,-0.186374565,0.112234714,0.761256472,0.100302309,0.003014525
139.605037,-30.06026567,1.226197825,-3.481847836,3.823702217,-3.340008639,-0.612252266,-0.406410806,-0.795632804
139.4303022,-30.12075271,-0.756352401,0.066821046,-0.186374565,0.112234714,0.761256472,0.100302309,0.003014525
139.3292757,-30.16861019,-0.756352401,0.066821046,-0.186374565,0.112234714,0.761256472,0.100302309,0.003014525
139.5196157,-30.11255352,-1.970976144,0.127393567,3.428577278,0.655987529,-4.260665212,1.539367497,4.344349305
139.534684,-30.0623192,-2.034811066,11.23407322,-9.766051355,8.286195738,2.738755974,-5.926286349,-1.159603703
139.3455797,-30.21041178,-1.967525123,0.432988132,-1.221569541,-0.718607985,-3.61751255,3.115796058,-1.701173259
139.5657086,-30.07667195,-0.756352401,0.066821046,-0.186374565,0.112234714,0.761256472,0.100302309,0.003014525
139.6122402,-29.82304288,-0.756352401,0.066821046,-0.186374565,0.112234714,0.761256472,0.100302309,0.003014525
139.4952067,-30.1450814,-9.385511386,-5.104739036,-0.504889792,-5.769385876,7.022994143,5.983004618,9.557205488
139.6505888,-29.97327178,0.189195642,0.863242505,-0.938682723,1.649346422,0.380548535,-3.170403658,-0.801823494
