X,Y
139.3985115,-30.20808111
139.6703615,-29.95800014
139.5447202,-29.93675847
139.5229919,-30.10867945
139.5852411,-30.00656605
139.6023282,-29.88889953
139.5820879,-29.86168821
139.6319048,-30.02806486
139.6974455,-29.90499148
139.6922303,-29.92362059
139.5116853,-30.13454811
139.5725457,-29.89374789
139.6678311,-29.93660092
139.6429074,-29.85147393
139.6233634,-29.83074983
139.4925382,-30.12798313
139.544843,-30.10202222
139.4738723,-30.07622068
139.6237481,-30.02690434
139.3483926,-30.25820209
139.3554175,-30.18263379
139.2957769,-30.12876302
139.6591919,-29.90691628
139.669115,-29.90429525
139.6369142,-29.84882902
139.5268294,-30.05158527
139.5695591,-29.90150255
139.6188124,-30.05636327
139.4469653,-30.18488129
139.6657437,-30.00272284
139.3385526,-30.19405583
139.6029353,-30.06571382
139.6181793,-29.85086556
139.5011963,-30.08117687
139.5367573,-29.91600019
139.3871798,-30.20427584
139.3451636,-30.17257712
139.6289154,-29.91663106
139.5727031,-29.9616404
139.3645502,-30.25242967
139.3421443,-30.22061273
139.5849141,-29.97880417
139.4406131,-30.09326833
139.6888949,-29.91116411
139.4008454,-30.18153816
139.4189246,-30.11722749
139.6339824,-30.00801484
139.4427747,-30.09409513
139.2883161,-30.1330197
139.4713167,-30.11238195
139.4195197,-30.12989987
139.6293763,-29.86234092
139.5423814,-30.08753409
139.4208874,-30.15858772
139.4846857,-30.10587644
139.6789564,-29.89734918
139.3746033,-30.21109552
139.3050355,-30.20318469
139.2978013,-30.18594897
139.3496273,-30.2465313
139.6891463,-29.94479998
139.317682,-30.16636948
139.3334599,-30.19334822
139.5478033,-30.10290043
139.6982685,-29.93883792
139.3359531,-30.19260004
139.6321918,-29.84925002
139.6288085,-29.91508744
139.5014539,-30.13374314
139.5518463,-30.10031555
139.7225706,-29.97140749
139.5672509,-29.9570591
139.5648847,-29.9551814
139.3249537,-30.19809124
139.690624,-29.95640701
139.4792765,-30.13850251
139.2867117,-30.13103957
139.3742914,-30.21056154
139.4470689,-30.11501452
139.6365515,-29.93895223
139.323858,-30.17168505
139.6234478,-29.84363512
139.6827876,-29.89669705
139.6005112,-29.90903584
139.5989215,-29.95100655
139.6277728,-29.89915681
139.5872339,-30.04513276
139.5716548,-29.86073124
139.6118037,-30.01722547
139.6597326,-29.85053098
139.5837874,-30.0423464
139.3323053,-30.18480072
139.5171066,-30.06053996
139.5807337,-29.99969203
139.6356388,-29.93721026
139.5911487,-30.05835643
139.4855518,-30.07783384
139.4697968,-30.10096337
139.3462929,-30.17970542
139.6871461,-29.9050163
139.616742,-29.85464346
139.6589021,-29.97387385
139.5270496,-29.91659686
139.6009464,-29.85678724
139.6562787,-30.00180335
139.6330015,-29.8772813
139.568089,-29.97521634
139.5939366,-29.87234901
139.6376844,-29.97424364
139.662202,-29.99432707
139.520267,-30.1197305
139.6010077,-29.83455681
139.2989876,-30.19252234
139.4775956,-30.12419371
139.6499937,-30.02864067
139.4525002,-30.10103189
139.5765726,-29.93609746
139.4856831,-30.14529766
139.3187948,-30.20723061
139.3082721,-30.18639943
139.4684018,-30.16353252
139.6284316,-29.96199966
139.6070996,-29.9390155
139.5826955,-30.08809046
139.4314963,-30.16799941
139.3158216,-30.1422974
139.6931713,-29.98212957
139.6661196,-29.87269727
139.700383,-29.96498943
139.4933966,-30.07532979
139.5394286,-30.0582179
139.6515237,-30.00098838
139.4000953,-30.2176915
139.5745968,-29.98315753
139.6956045,-29.99462977
139.5588015,-29.87121235
139.6557115,-29.98131747
139.6648204,-29.86904365
139.3020643,-30.1240783
139.6287625,-30.00573251
139.5785889,-29.91175352
139.4459099,-30.1428049
139.5718808,-30.04822359
139.5859051,-29.95810825
139.7294944,-29.94494146
139.6087869,-29.95586194
139.6501807,-30.03055936
139.5761586,-30.03763495
139.4028327,-30.21797691
139.2878623,-30.17559479
139.5889725,-29.98392386
139.6651852,-29.88723745
139.6689144,-29.86583643
139.6347266,-29.97319429
139.668984,-29.98271538
139.3087537,-30.16879635
139.4914203,-30.11711921
139.539696,-29.9021054
139.5723468,-29.86063923
139.7008925,-29.96329679
139.5366514,-30.07434256
139.5632852,-30.03589281
139.3328787,-30.18723087
139.5552026,-29.87416345
139.6533704,-29.98712013
139.5305051,-30.099019
139.5589392,-29.94121383
139.4578101,-30.13298985
139.3135195,-30.19479078
139.3990176,-30.18102578
139.3407267,-30.19715752
139.5108411,-30.10026088
139.6889817,-29.8945535
139.6502494,-29.88985612
139.3985215,-30.19726497
139.5944711,-29.89752991
139.4957448,-30.04454992
139.4712689,-30.14462816
139.5857937,-29.86028074
139.320773,-30.14986781
139.5494474,-29.9230632
139.4945807,-30.04615821
139.7136316,-29.97517925
139.6620086,-29.87611194
139.3566976,-30.19506723
139.6249564,-29.94882415
139.6544951,-29.99112996
139.5780026,-30.03299941
139.5808044,-29.87274018
139.4752029,-30.14174083
139.6759425,-29.88400227
139.5818205,-30.01780072
139.6843405,-29.99312528
139.3342231,-30.21358852
139.6638876,-29.85507844
139.4088095,-30.22156913
139.2939002,-30.16321774
139.4567565,-30.09766382
139.5758491,-29.89524649
139.5746735,-29.84441111
139.5895869,-29.83254073
139.4934488,-30.04513204
139.4666776,-30.12560872
139.5986843,-29.87334723
139.6766209,-30.00404603
139.2948537,-30.19154626
139.6334133,-30.02542609
139.3727421,-30.23093106
139.4724224,-30.09691686
139.6044029,-29.86795062
139.702823,-29.93364941
139.6485519,-30.00977676
139.4792769,-30.16016591
139.3478703,-30.2593502
139.3680699,-30.16960995
139.6447061,-29.87158227
139.5306932,-29.8926928
139.3046928,-30.19770334
139.4291066,-30.17738385
139.5320433,-30.046469
139.5525212,-29.90849935
139.7024906,-29.95540808
139.6785735,-29.97977992
139.699373,-29.99726556
139.3267702,-30.22886358
139.5265758,-30.09909382
139.4308791,-30.17366971
139.3201347,-30.18442209
139.4992497,-30.08038624
139.34928,-30.20234556
139.3182734,-30.1658713
139.580993,-30.07227085
139.6477864,-29.95692209
139.6259993,-29.88046768
139.5490689,-29.87879104
139.574417,-29.87915878
139.5931536,-29.94005191
139.3855074,-30.22964985
139.3193309,-30.14319604
139.5105916,-30.10129993
139.4396962,-30.14845762
139.6437531,-30.00660049
139.4535026,-30.09439332
139.520086,-30.0822933
139.6872054,-29.89415864
139.4187873,-30.16205484
139.457315,-30.11998379
139.6768196,-29.99909854
139.6320801,-29.90842857
139.5007515,-30.11112592
139.5967093,-30.01991338
139.6064868,-29.9303415
139.547736,-30.11180127
139.7090414,-29.97403228
139.6223789,-30.04591504
139.4807765,-30.08711936
139.5734291,-29.88716125
139.6766529,-29.99721095
139.5842696,-29.9633729
139.3804451,-30.20942581
139.6638976,-29.91823454
139.4927231,-30.13847418
139.4274024,-30.14295189
139.5718931,-29.90008375
139.6709542,-29.97364406
139.3548844,-30.17639541
139.4771262,-30.12973948
139.2881836,-30.17783494
139.6196844,-30.01792632
139.3949868,-30.21587065
139.5958591,-30.06233139
139.3741404,-30.17766203
139.6370457,-29.88070692
139.5448577,-29.88880055
139.3320595,-30.18121737
139.5997383,-29.83577104
139.6803205,-29.95405321
139.3832278,-30.22195348
139.6786525,-29.96228251
139.6046085,-30.00516357
139.6736401,-30.0076675
139.6920239,-29.95140525
139.7217035,-29.97111583
139.5693499,-29.85441606
139.6163909,-29.98361799
139.5389486,-29.94228821
139.3774785,-30.17042403
139.623139,-29.96195943
139.4315973,-30.1352899
139.6573226,-29.93525677
139.6274688,-29.81787601
139.3265987,-30.18127058
139.6115004,-29.96180868
139.3731795,-30.18197208
139.5034201,-30.06158313
139.485452,-30.16367158
139.7257406,-29.94193919
139.4739459,-30.09498164
139.6148334,-29.89873367
139.3979662,-30.15632055
139.3627624,-30.20412192
139.5124399,-30.12836777
139.3761415,-30.23844876
139.7016152,-29.95942076
139.2823973,-30.16593819
139.4439925,-30.19045958
139.5664825,-29.8722504
139.4918734,-30.07833504
139.2893382,-30.1539271
139.4379689,-30.14975162
139.6028262,-29.92059745
139.5972283,-30.07297563
139.5789792,-30.02420177
139.5833129,-30.08522056
139.4937641,-30.05916674
139.283814,-30.13000402
139.6312002,-29.96830248
139.5547608,-29.95072892
139.7072438,-29.93621051
139.5401485,-30.09322951
139.6820235,-29.90570201
139.6631764,-30.01189475
139.5758501,-29.89392581
139.3522908,-30.17220663
139.7289305,-29.95154867
139.6341314,-29.84083214
139.5119342,-29.91258281
139.3717653,-30.22679669
139.6692515,-29.87232039
139.5965188,-29.91132854
139.6290997,-29.92778245
139.5140955,-29.91373979
139.3799536,-30.24064545
139.5811277,-29.95677297
139.6196991,-30.01615963
139.5123157,-30.12456136
139.5157086,-29.90655462
139.6003301,-30.00175018
139.7230126,-29.96255311
139.6348596,-29.87013921
139.5624619,-30.03343169
139.3225866,-30.20486541
139.5178411,-30.11750883
139.565373,-30.06540655
139.459237,-30.1110335
139.4819054,-30.11410117
139.6248107,-29.82801775
139.6234957,-30.03297549
139.3960119,-30.16650511
139.6428301,-29.83280459
139.3722148,-30.16438019
139.4588397,-30.11359731
139.6426093,-29.91087386
139.6051555,-30.01062579
139.6477835,-29.96788517
139.5717044,-29.94899418
139.548744,-29.94748419
139.6554304,-29.90302722
139.6439193,-29.9662313
139.6038002,-29.9946746
139.6122871,-29.8821522
139.4071008,-30.18088812
139.6791133,-29.9850952
139.5683217,-29.93566822
139.607862,-29.95571553
139.3473841,-30.24417987
139.2806069,-30.12826335
139.5000078,-30.14981691
139.725029,-29.96613373
139.5773557,-29.98948455
139.6472551,-30.04013772
139.509325,-30.08421989
139.6512549,-29.88831706
139.4957953,-30.07564306
139.6927556,-29.89651684
139.620214,-29.92796033
139.5453978,-30.05046156
139.5887982,-29.94416335
139.5746322,-29.92631269
139.7172242,-29.97842189
139.3634417,-30.21221679
139.3548248,-30.24829332
139.4492893,-30.17788588
139.5948425,-29.98597245
139.5667923,-29.94626742
139.5323764,-29.89529865
139.5753885,-29.9328137
139.5670345,-29.97786695
139.5820935,-29.85928539
139.3338393,-30.16405782
139.6340484,-30.00356527
139.4118782,-30.17036142
139.5649277,-29.95260223
139.5972991,-30.04652038
139.2905579,-30.13562177
139.3543573,-30.17022444
139.6556965,-29.9924759
139.4163382,-30.16170357
139.6874199,-29.93917248
139.6427208,-29.97171525
139.641143,-29.93251734
139.646001,-29.8480633
139.3329781,-30.21268168
139.6216589,-29.99764126
139.5095767,-30.08787065
139.5641462,-30.00366171
139.7086235,-29.93397805
139.5268298,-30.07324867
139.6212324,-29.85439373
139.4550746,-30.08607592
139.6146105,-29.935127
139.3592412,-30.20168824
139.4424458,-30.07457544
139.6114673,-29.82515054
139.4884806,-30.05976264
139.5368385,-30.05846829
139.5971995,-30.07444845
139.4822332,-30.0595691
139.3636277,-30.23918012
139.543595,-30.09008489
139.5226474,-29.88812334
139.6158367,-29.91762894
139.542696,-29.96054579
139.6362275,-29.92082063
139.720371,-29.94349281
139.5860959,-29.89922525
139.6608515,-30.00068752
139.4976209,-30.15276906
139.4214142,-30.18741261
139.6400337,-29.99972257
139.6631074,-29.93867278
139.5734736,-29.92551816
139.4899127,-30.13936083
139.4572438,-30.08185853
139.6990624,-29.9005151
139.657897,-29.85366259
139.3202056,-30.20508456
139.5440708,-29.93320129
139.6262629,-29.95962573
139.6416511,-29.91328241
139.5594182,-29.8602714
139.5808837,-29.96587097
139.5852963,-29.93575028
139.3994022,-30.20444181
139.6291122,-29.82222955
139.5488453,-29.92630648
139.6178826,-29.8227804
139.5720272,-29.99670119
139.4066007,-30.11484545
139.6997196,-29.99499392
139.6831431,-30.00321952
139.5951398,-29.8462596
139.6081179,-29.99560045
139.4814397,-30.10036215
139.5993093,-29.83297779
139.63856,-29.83834904
139.6010228,-29.8663155
139.6197302,-29.89655627
139.2989207,-30.17876927
139.5425539,-29.93734398
139.5318363,-29.89031354
139.3959309,-30.17305154
139.4626251,-30.07623912
139.6370984,-29.81879368
139.5036946,-30.06822444
139.4548601,-30.17261382
139.3960961,-30.14866543
139.4838135,-30.15477516
139.6798516,-29.90588992
139.6445682,-29.95405608
139.3476375,-30.24724981
139.3874457,-30.23474481
139.4006285,-30.19567515
139.3521349,-30.25167779
139.6166703,-29.9427993
139.388957,-30.18135644
139.4769914,-30.06796809
139.6608169,-29.94278306
139.6857587,-29.94054769
139.6714769,-29.87446958
139.5512629,-29.93876347
139.5980418,-30.00915007
139.3070994,-30.18078026
139.2960198,-30.171234
139.3228218,-30.18746991
139.6910834,-29.94248423
139.3608577,-30.23312796
139.2868994,-30.12776714
139.3162348,-30.18376394
139.6092331,-29.88414532
139.5082875,-30.13551115
139.6280278,-30.04645984
139.5927607,-29.89441585
139.59792,-29.95352402
139.6841594,-29.89530818
139.4791495,-30.10554247
139.4770781,-30.10613656
139.541093,-30.08393577
139.439229,-30.08925173
139.518962,-30.07449255
139.6760131,-30.0173535
139.3369814,-30.16299639
139.5858552,-30.04464433
139.5774785,-30.02459675
139.6331159,-29.95821474
139.4291675,-30.18966931
139.6683696,-29.9257741
139.3555447,-30.22712563
139.5406991,-30.1059313
139.6137482,-29.95994739
139.4736512,-30.08657886
139.6747366,-29.97550368
139.5532633,-29.90877551
139.3558295,-30.18563449
139.3143597,-30.1792515
139.6795637,-29.93495037
139.6055267,-29.98844013
139.6526064,-29.87783551
139.5919653,-30.0453479
139.2811043,-30.1592214
139.6961338,-29.96257344
139.6603857,-30.02393462
139.5550596,-29.96884152
139.6394208,-29.84343423
139.65375,-29.92504421
139.4323182,-30.1159321
139.6365604,-30.01076021
139.7078204,-29.9821265
139.5960142,-30.0016437
139.2788334,-30.13922915
139.4829788,-30.15464944
139.4175975,-30.18489785
139.4900842,-30.12344336
139.5915871,-29.97422122
139.3030538,-30.15701192
139.4323084,-30.20039033
139.3595787,-30.18551829
139.59911,-30.03677843
139.452496,-30.15203216
139.5748882,-29.85663944
139.5228157,-30.0949541
139.6269258,-29.93028157
139.5879591,-29.96711334
139.5672353,-30.0575125
139.4550601,-30.11576716
139.6140069,-29.88697243
139.4931638,-30.11800849
139.4405924,-30.13648451
139.4610119,-30.09841684
139.5499537,-29.96964994
139.6768052,-30.00646604
139.5173879,-30.13116885
139.6961031,-29.9960124
139.6754004,-30.01601069
139.5531456,-29.95602468
139.6835777,-29.91777573
139.5567732,-29.94286936
139.6640756,-29.8720692
139.5761226,-30.0567538
139.5582924,-29.91969254
139.2769751,-30.16869498
139.4404003,-30.18515639
139.6051178,-30.05544962
139.4469711,-30.16295514
139.5731447,-29.85575017
139.4668833,-30.14000131
139.6973788,-29.91463218
139.6195539,-29.97459613
139.3693852,-30.22429495
139.5660676,-29.94232306
139.296311,-30.16473586
139.6493975,-30.01728898
139.3590347,-30.23400368
139.4140659,-30.16708613
139.4655997,-30.14825287
139.6027467,-29.96807996
139.6926727,-29.95562278
139.587585,-30.01212405
139.5058341,-30.14637362
139.5765667,-29.93743025
139.3131625,-30.20680853
139.62061,-30.00975102
139.2914614,-30.15905134
139.5429034,-29.96702637
139.5415417,-30.05949591
139.6137414,-29.82058735
139.3459549,-30.19653572
139.5805181,-29.90575058
139.5601543,-30.08379711
139.5474752,-30.0942522
139.6763306,-29.96523635
139.2786626,-30.17194908
139.587424,-29.91606843
139.6733832,-29.98236544
139.4798341,-30.1056337
139.3511628,-30.19588281
139.7065867,-29.94815928
139.5795266,-29.95223099
139.3341807,-30.17852121
139.5921388,-30.05504379
139.6069417,-29.83619741
139.6668429,-29.8695611
139.3792437,-30.1948177
139.4469873,-30.10302813
139.6541362,-29.93321704
139.4072863,-30.13000875
139.6353028,-29.8362402
139.6816151,-29.98704371
139.6638269,-29.95935217
139.6085355,-30.02272268
139.687678,-29.98967821
139.3429709,-30.21005023
139.6274692,-29.8943185
139.4073003,-30.13203299
139.6383441,-29.97991669
139.4689635,-30.08279403
139.6148881,-29.92907485
139.7005238,-29.90260767
139.6997597,-29.96046072
139.5719582,-29.85543795
139.2900362,-30.17309567
139.5772184,-29.94114648
139.6369808,-29.92362234
139.5248266,-30.04615845
139.5871598,-30.04309473
139.6590004,-30.0257695
139.6816862,-29.9557275
139.4727762,-30.14050967
139.5926068,-29.94332108
139.345288,-30.21897047
139.4093609,-30.1757009
139.5951092,-29.88389917
139.3610966,-30.22297202
139.5997486,-29.85254928
139.5260743,-30.09681228
139.6188381,-29.8606597
139.6604136,-29.89363095
139.4709666,-30.1308078
139.5838384,-29.98694497
139.3335675,-30.24274943
139.4615638,-30.10213658
139.5332251,-30.08377944
139.5541563,-30.10628846
139.5768162,-29.9852393
139.3044974,-30.15297126
139.3394615,-30.22554434
139.3947736,-30.15594378
139.3702304,-30.2485301
139.6575604,-30.00772497
139.5214143,-29.8978131
139.6908702,-29.98898495
139.329812,-30.20927284
139.4190396,-30.18703883
139.5787315,-29.86485353
139.7094107,-29.96008881
139.6456724,-29.96116538
139.3875429,-30.22305046
139.5570315,-29.95465859
139.3735144,-30.23994552
139.5580988,-29.96581467
139.6971411,-29.90114369
139.6335902,-29.87415384
139.2780163,-30.16756041
139.6507967,-30.01747835
139.3008032,-30.14751255
139.6940588,-29.89521789
139.7117763,-29.95216509
139.6905837,-29.95428425
139.6299388,-29.94181859
139.6865082,-29.96576477
139.5270681,-29.89241481
139.5607151,-30.08988336
139.5330318,-30.09538569
139.4532068,-30.12429735
139.4441035,-30.09668562
139.686745,-29.97291259
139.5910586,-29.8692045
139.3488624,-30.16196115
139.6565745,-30.00295446
139.349391,-30.16335068
139.6382431,-29.95784711
139.5580998,-29.88179034
139.3841313,-30.18467297
139.453629,-30.08962737
139.5923541,-29.87294975
139.539021,-30.10298317
139.6151769,-30.01418288
139.4584942,-30.1470036
139.2974952,-30.12510251
139.6365843,-30.0019683
139.6096211,-29.92559287
139.6958576,-29.92265742
139.5467282,-29.96836738
139.4237559,-30.20154297
139.3546659,-30.16005809
139.3422531,-30.1961212
139.383093,-30.14832012
139.2920373,-30.15991016
139.6925677,-29.96362993
139.5516868,-29.8930509
139.5502191,-29.95053096
139.4127357,-30.1661465
139.585755,-29.96993573
139.3095757,-30.19490191
139.372822,-30.24349828
139.4111965,-30.2154864
139.4223301,-30.1837923
139.5631209,-29.85376442
139.5870593,-30.05001974
139.6666527,-29.89219784
139.4633065,-30.16019565
139.327983,-30.20134976
139.5170243,-30.13957892
139.6704295,-29.89506008
139.4448645,-30.16981559
139.5683146,-30.05381086
139.558759,-29.87766196
139.4961034,-30.08673042
139.6105632,-30.04489143
139.5434078,-29.94648285
139.6105089,-29.959441
139.7038209,-29.95914812
139.4021218,-30.18813222
139.4687604,-30.12580979
139.5874804,-30.01667045
139.6703184,-29.88833743
139.2702392,-30.15770286
139.6282809,-29.82234238
139.472865,-30.1568436
139.4680621,-30.13662633
139.4602531,-30.06836301
139.4684999,-30.17144103
139.5132503,-30.0653737
139.342294,-30.24923212
139.4758621,-30.14947442
139.322757,-30.20806158
139.5782262,-29.92197349
139.5929547,-29.90101226
139.6258485,-30.03949981
139.5516649,-29.9658425
139.5669995,-30.06683695
139.3974512,-30.20613353
139.4182586,-30.11494778
139.5128358,-29.90133746
139.543011,-29.88627604
139.5929881,-29.88206454
139.4353818,-30.2011492
139.652459,-29.85077536
139.4348767,-30.11905605
139.5500722,-29.9538656
139.6323133,-29.89194407
139.3032186,-30.13155578
139.6822968,-29.99076683
139.6638246,-29.97105511
139.4780244,-30.09173122
139.6553254,-29.9480205
139.4359653,-30.08320504
139.6318878,-29.95289985
139.2922758,-30.15181477
139.4828916,-30.11261053
139.5928642,-29.94143844
139.4408974,-30.07163069
139.6343355,-29.96956435
139.6529218,-29.97004308
139.6382667,-29.87261271
139.7295958,-29.97541226
139.2764393,-30.15702692
139.5634303,-29.90611804
139.5627874,-30.03945065
139.5956155,-30.06063746
139.4109777,-30.11957602
139.3296954,-30.19902203
139.6635799,-29.88344743
139.4876031,-30.07234769
139.5461794,-30.06431277
139.4892261,-30.15937376
139.3660679,-30.24589626
139.5507426,-29.96412474
139.7227425,-29.96529144
139.482587,-30.08536895
139.6165195,-29.99680404
139.3328178,-30.20740075
139.6818002,-29.87751482
139.3837591,-30.16526221
139.6303805,-29.88897707
139.6279617,-29.87364015
139.6101043,-29.91927093
139.497936,-30.09316168
139.5344189,-30.11356335
139.6719328,-30.00372196
139.4972334,-30.06354345
139.3296285,-30.22958627
139.649237,-29.88951788
139.6097069,-29.92636552
139.6358094,-29.872035
139.7020801,-29.94169496
139.5731965,-30.04186835
139.4816171,-30.1274292
139.5825359,-29.84103928
139.620897,-29.83546697
139.4804904,-30.09187503
139.5407719,-30.04157892
139.6629756,-29.90712505
139.5565474,-29.95323964
139.2798572,-30.17281791
139.6618382,-29.89803992
139.6644733,-29.98573441
139.4542501,-30.08666585
139.4499504,-30.09467364
139.5472289,-29.87847401
139.6256955,-29.88329073
139.6758962,-29.91879823
139.4943706,-30.14067555
139.5320045,-30.05142678
139.5420363,-30.07176211
139.4371915,-30.10722389
139.5991293,-30.00567488
139.5024654,-30.14100289
139.4881304,-30.12563638
139.380313,-30.23891833
139.5928593,-29.91492619
139.6195178,-29.82237671
139.5833181,-29.99451328
139.5833403,-30.02188812
139.4856833,-30.07412582
139.58203,-29.95812945
139.6462549,-29.9523697
139.6658959,-30.00464673
139.2879912,-30.17658869
139.3619527,-30.2441319
139.5801008,-29.94180865
139.6063217,-29.99451414
139.4068948,-30.14170154
139.4005924,-30.1544141
139.3353409,-30.21572104
139.5648829,-29.98854774
139.681338,-29.99103531
139.5623862,-29.90635372
139.5563862,-30.05397662
139.5919574,-29.85112926
139.6970624,-29.91378014
139.3556439,-30.24557542
139.4482443,-30.09360803
139.5062733,-29.91050299
139.6488303,-30.02192726
139.5421735,-29.8999138
139.5207045,-29.90503406
139.6407698,-30.01632408
139.6504087,-29.92298209
139.6643626,-29.97275061
139.6964754,-29.92958894
139.3348187,-30.21373857
139.3869705,-30.20010646
139.605037,-30.06026567
139.4303022,-30.12075271
139.3292757,-30.16861019
139.5196157,-30.11255352
139.534684,-30.0623192
139.3455797,-30.21041178
139.5657086,-30.07667195
139.6122402,-29.82304288
139.4952067,-30.1450814
139.6505888,-29.97327178
