fault_distance,granite_distance,strata_distance
0.7946248286440875,1.0,1.0
0.9820987680728445,1.0,1.0
0.8162951964018726,1.0,0.9095437514904013
0.6609880987250649,0.8813805756420291,0.9433201528436324
0.942606898837298,0.9625675518272362,1.0
0.7739043472777422,0.9469848372454464,1.0
0.924502551699733,1.0,1.0
0.8953474696049453,1.0,1.0
0.9272112552122114,0.9922525497255269,1.0
0.41951883156302405,0.5947343137673167,0.6462236800369522
0.7053995676943225,0.9794589556724406,1.0
0.8168146858976595,0.9816136840910418,1.0
0.669648066840508,1.0,0.854716655588731
0.6876339469470125,1.0,1.0
0.889137671773202,1.0,1.0
0.8830259151735866,0.9183230503054417,0.9312869269758122
0.843437658418771,1.0,1.0
0.9675276946861129,0.7941678347444199,0.8820616271796399
0.7590791993893861,1.0,1.0
0.7823234651500102,0.9955434710991329,1.0
0.6458452592636816,1.0,1.0
0.8708192465996182,1.0,0.8460886288839989
0.8934559629836869,0.9550283706597933,1.0
0.8324668869232552,1.0,1.0
0.6923634065285064,1.0,0.8126620632043259
0.9754925851998871,1.0,1.0
0.8781493578688995,1.0,1.0
0.9959761459607048,0.8407728291338225,0.9948903243030548
0.3008089727936152,0.1031570021853373,0.10075122928246516
0.8741844928655805,0.9121506838530518,0.8646721539182582
0.877858620753177,0.9147156098447241,0.8691804046746995
0.5513333739470249,1.0,0.9413525365743807
0.7954547082007423,0.899735678326469,1.0
0.8911094371756988,1.0,1.0
0.9027818280098454,1.0,1.0
0.8642955997191032,1.0,1.0
0.9193300575557921,1.0,1.0
0.922490107561746,0.9816247768006401,1.0
0.977696883832383,1.0,1.0
0.49033732462796353,1.0,1.0
0.8983527654417388,0.9235251300283026,1.0
0.7717757304443532,0.8406558490539527,0.7761567982430463
0.943871106602057,0.960800999097348,1.0
0.899838741123796,0.7058648603495392,1.0
0.8286556340692305,0.865868818696891,0.853459287314553
0.7272843070448607,0.8095949869119173,0.8317834673860095
0.8023560717843486,1.0,1.0
0.6722915085386065,0.95808905719657,0.9578537113079486
0.7633316473266601,0.8079781010117418,0.7475038604779995
0.5578921866759483,1.0,0.7959795137783676
0.9750477551836818,0.9825663689624148,1.0
0.8868184518549755,0.9804188183932512,1.0
0.38323163492947165,0.9804622661992255,1.0
0.9473458712289474,1.0,1.0
0.5515836729431116,1.0,0.7599269421175108
0.27462446127447215,0.1410070544511406,0.16743496510974498
0.7337026710337169,0.9317582209499299,1.0
0.4271718009329081,0.9783279681975763,1.0
0.6136242220320158,0.9598564762285039,0.9669161876587968
0.9247141655213422,1.0,1.0
0.7092199949039129,0.9319968384155678,1.0
0.8822610864190303,0.8485222084345525,1.0
0.9334064950611638,0.9534953269340531,0.9328101468178902
0.7711347007560275,0.8676562698655774,1.0
0.9286841028185984,1.0,1.0
0.8635661823137428,0.8377235892676765,1.0
0.9690080520356396,1.0,0.9718641516185942
0.8193362803671502,0.9310032107231551,1.0
0.9570350978435507,0.6138559240375914,0.8488436321438195
0.9866762893522278,0.9716090926216245,1.0
0.7799311535182343,1.0,1.0
0.9821700309309415,0.9671902158602442,1.0
0.9804072655422857,0.9546731707517185,1.0
0.5339489736974063,1.0,0.8604185239336588
0.8326087927730459,0.8831252979640549,0.8270583459002128
0.9783537065788123,0.8493219071881962,0.9264107617286366
0.7715902418272162,1.0,1.0
0.9526347217137456,0.9669191355248261,0.8901616566117787
0.7526868367452906,0.8273292834167268,0.9539816028294428
0.7468876515899587,0.8232806912861357,0.9760913181970313
0.948548862901887,1.0,1.0
0.9988166577286147,1.0,1.0
0.976915698589984,0.9726839907363456,1.0
0.23465666312930733,0.11331758640857492,0.13160090076082775
0.7875824834672365,0.8652451602811606,1.0
0.8988135630229859,1.0,0.8562338018217777
0.9157014801373755,1.0,1.0
0.977511413714386,0.7100893025349209,0.9897361021493808
0.6371833179442459,0.9849696345676259,1.0
0.9000406653732371,0.9302015934873131,0.9121142096664312
0.9652506193034961,0.9757267034729639,0.9778822866378505
0.9603539578129213,1.0,0.9907754774469492
0.8743195138687524,1.0,1.0
0.9772176149616938,0.8417992237163182,1.0
0.7000698285050606,1.0,1.0
0.9214230404812399,0.9616467271621185,1.0
0.7530347268497906,1.0,0.8672661239422829
0.9054893614439792,0.88799402215652,1.0
0.8870767331740057,0.8782080988623499,1.0
0.8963124087324713,0.8363100544631437,1.0
0.9220176747008897,0.9996874258505033,1.0
0.943389963065056,1.0,1.0
0.8265790801678586,0.848339924109632,1.0
0.6767453427268264,1.0,0.859114199881811
0.6108185661282526,1.0,0.94857365408482
0.9681035633382894,0.8101190486526803,1.0
0.8601936449187111,0.9023831304280324,0.9122990179736248
0.41402702987955486,1.0,1.0
0.8985426701062097,1.0,1.0
0.7310557291733674,0.8122279447629046,0.7291773668695958
0.41561725418995554,1.0,0.993148759100823
0.9740999118537689,1.0,1.0
0.7838925314249674,1.0,1.0
0.5027123058797858,0.651404099216074,0.6889153595528676
0.677482340651443,1.0,1.0
0.8119084464063555,1.0,1.0
0.9383255091327293,1.0,1.0
0.8436812896737388,0.8777753472051137,1.0
0.6050444732527174,1.0,0.9215250627696053
0.9559242576861952,0.9158465067835163,1.0
0.9325088216975861,0.9807981200122775,1.0
0.8569626192369866,1.0,1.0
0.7152922003792639,1.0,0.8195916602147093
0.7974172763419842,0.8585569945545313,0.8630432772305188
0.9952083454158966,1.0,0.9513748000636147
0.8435563621004737,1.0,1.0
0.8363512112466992,0.854244197703516,1.0
0.9248719634693761,1.0,1.0
0.9206262752334732,0.9445729381826747,1.0
0.970270716439659,1.0,1.0
0.5623700611263942,0.9364521042513103,1.0
0.7920320946996859,0.9834056532406552,1.0
0.6290682152592861,0.3087433970489162,0.463456088689046
0.9991125383372204,1.0,1.0
0.80890798750131,1.0,1.0
0.8652276853016122,1.0,1.0
0.7149304599344677,1.0,0.9633279088025557
0.8441176672539858,0.8336729312701038,1.0
0.9759765682911407,1.0,1.0
0.9848805454782982,1.0,1.0
0.6766608782686367,0.7701539821214487,0.714587701867812
0.8653597097845972,1.0,1.0
0.9236904816501964,1.0,1.0
0.9638641560794804,0.9848488132370327,1.0
0.8847402037384582,1.0,1.0
0.25992521754343956,0.049736039863965686,0.07754755206346353
0.8681552685265311,0.9608950807861661,1.0
0.9121690594181625,0.9386688075923143,0.9290144015353713
0.5856304505238956,0.8977237790624997,1.0
0.9474560973982379,0.8657081150394785,1.0
0.8704660364640746,0.9095546195018851,0.8031083771609175
0.9966131600664624,0.9976218222106782,0.8418240940821617
0.9691488340178518,0.9784471223351634,0.9500983514469248
0.8413658623778684,1.0,1.0
0.7726492395308353,0.9390314388121872,1.0
0.9559866741201087,1.0,1.0
0.5915789278455159,0.6642766879114657,0.9044345399346578
0.8632764750435942,0.8772085725014467,0.8288431243789951
0.7992345548101448,1.0,1.0
0.9142998721375943,1.0,1.0
0.7980004023669679,1.0,1.0
0.9983055056180551,1.0,1.0
0.8375797526396743,0.6374811229905603,0.7985990526645099
0.955239680603763,0.985221311863646,0.977026016183537
0.9630842976393675,1.0,1.0
0.7000698285050606,1.0,1.0
0.9032728814815097,1.0,1.0
0.9973238645537478,1.0,1.0
0.9556681931115688,0.9690305520789834,1.0
0.9184699089181332,0.8977311523810578,1.0
0.9919283124513426,1.0,1.0
0.8398549435637799,0.987314366736333,1.0
0.919419141074937,1.0,1.0
0.6534991251494467,0.7580832466267016,0.7982720854107861
0.7790779779768924,0.8903324966306313,1.0
0.948901935551104,0.9643131610556328,1.0
0.877944752459337,0.9990967554627731,1.0
0.8567676440418963,1.0,1.0
0.9643688788829259,1.0,1.0
0.9087043230621535,0.9362499594114077,0.922941441646227
0.8694696298244994,1.0,1.0
0.853633098912366,0.99754032551534,0.9458382593252845
0.8174148904981708,1.0,0.9746014752880385
0.4185503356717274,1.0,1.0
0.9878477963005523,1.0,1.0
0.6272108657122385,1.0,1.0
0.7850007354826946,0.4234739784353172,0.6212318596989789
0.6883389397056343,0.7824060201247439,0.7053512444739778
0.43285098239305597,1.0,1.0
0.970147398215482,1.0,1.0
0.7955772360850437,1.0,1.0
0.8596690338027133,0.9707167843921843,1.0
0.8687145971570995,1.0,1.0
0.8342951994482914,1.0,1.0
0.7298551193476865,1.0,1.0
0.8840488227712691,1.0,1.0
0.984841754378589,0.989403868025899,1.0
0.8266438645453211,1.0,1.0
0.8063530991503168,1.0,1.0
0.9800597561765921,1.0,1.0
0.656485274000773,1.0,1.0
0.8636276384933692,1.0,0.9105395794415927
0.8513310858610895,1.0,1.0
0.6235139009929191,0.53627819197962,0.6895236033163701
0.6490255577328442,1.0,0.8197250366232844
0.7748987522806955,1.0,1.0
0.41906300775636673,1.0,0.9805993595722161
0.4784560294901502,1.0,0.8549889950936262
0.3933774270490896,1.0,1.0
0.7846414420773228,0.8955345774449153,1.0
0.5948528236918973,1.0,1.0
0.8284670474161752,1.0,1.0
0.8795539366069665,0.8898780085417507,1.0
0.9396689628778796,1.0,1.0
0.9337423126168668,1.0,1.0
0.6125650580717282,1.0,0.9387239670674734
0.4779902732980529,1.0,1.0
0.8926372895880723,0.9995164657546168,1.0
0.9927162965617832,1.0,1.0
0.8254820693024498,1.0,0.9156983159101058
0.883478167415434,1.0,1.0
0.8878431505059846,0.6866534183438044,1.0
0.9444441903176972,0.9763448780734826,1.0
0.8385471104024496,1.0,1.0
0.9843654535648481,1.0,1.0
0.9177745744047231,1.0,1.0
0.7063983427491024,0.9491103850419396,1.0
0.9753202134638883,0.9827566029719974,0.9753816193088519
0.9440614231054993,1.0,1.0
0.8934628549205659,1.0,1.0
0.9187103479526628,1.0,1.0
0.9749408388527463,0.862933494548447,1.0
0.8453294883423399,1.0,1.0
0.8859369181317454,1.0,1.0
0.7763873033271144,0.8438753076420581,1.0
0.8594384231104599,0.9513499474028623,1.0
0.7794864489999488,1.0,1.0
0.9570350978435507,0.6138559240375914,0.8488436321438195
0.7191252428080301,0.925152797690129,1.0
0.8231240918016834,1.0,1.0
0.6863630954570685,1.0,0.9304077579938573
0.8956673758644675,1.0,1.0
0.9762856521579317,1.0,0.9790596825941692
0.9632025559899101,0.9742968710739045,1.0
0.9465997863685813,1.0,0.9510255517390543
0.6536142186311191,0.32974467819517395,0.4935860146007184
0.9542854002876248,1.0,1.0
0.5675992117877519,0.8654988809170086,1.0
0.9926706774635313,1.0,1.0
0.5847304233185855,1.0,0.7320825952604235
0.94363257495893,0.9606344540330762,0.9427870528067064
0.9223525563335292,0.9457782169750001,0.9358867248662589
0.7316055931027315,0.9261899172330665,1.0
0.9718075434188783,0.966024487488305,1.0
0.9179110362058449,1.0,1.0
0.945132599110854,0.9616816856749791,0.9389409285777238
0.9405163343198792,1.0,1.0
0.9955033459459708,0.9968480146001907,1.0
0.8648450412869155,0.9056304268411918,0.9466903799275637
0.7819648548857521,0.9680757218376442,1.0
0.9131962176102273,1.0,1.0
0.8237586358462301,1.0,1.0
0.717860878094627,1.0,0.8933167747278117
0.8270226775278624,1.0,1.0
0.953565404852102,1.0,1.0
0.771516644954934,0.8404750380773109,0.7095609918950019
0.815241491420664,0.8972790461213369,1.0
0.9697875150476237,0.9972306421294256,1.0
0.9598192095547728,0.9467335464065045,0.9228681162871603
0.5197640425933858,0.9950532266380514,1.0
0.8710687138353717,1.0,1.0
0.8278437784915774,1.0,1.0
0.8871281380642795,0.7547087492429505,0.9710232822152587
0.9850411259318533,1.0,1.0
0.6343443653410283,0.6989518880706277,0.9566775101153289
0.999645096470684,1.0,1.0
0.9525345487166444,1.0,1.0
0.8798994447136491,0.9294246945754585,1.0
0.7537411382890623,0.8057536069134528,1.0
0.8853192902903355,0.9976645659943485,0.9945811954626839
0.7087844077315022,1.0,1.0
0.8732028145215609,0.8285568359655904,1.0
0.5642309034023911,1.0,0.9582681781011158
0.914031410556138,0.965071418337227,1.0
0.8849206500151312,0.9530627839628155,1.0
0.9572885789268875,1.0,1.0
0.9516646366225296,1.0,1.0
0.8229850258402286,1.0,1.0
0.9096183181605095,0.9752388385094736,1.0
0.9695664665667176,0.9787444898393467,0.9069830396769529
0.622416676205189,1.0,0.9989457835690806
0.9689037397834165,1.0,1.0
0.3068673191994107,0.5160887780683974,0.6930252474572048
0.911915185865976,0.7858268235998259,1.0
0.8901925111975284,0.9233257530447925,0.9562302408997343
0.4914454669569386,0.997995632433488,0.9486324402745812
0.8457957005437111,1.0,1.0
0.9244923310063193,1.0,0.6069689933446302
0.8433462098812753,0.831648241371926,1.0
0.8610172709959969,0.9029573665279823,0.8509732217892506
0.7597647128453626,0.7995417483552406,1.0
0.7181229074638789,0.8602945723093857,1.0
0.7034355661748084,1.0,0.7888520275928032
0.9201169542069585,1.0,0.9252676213030157
0.6372116710473887,1.0,0.9461071206712417
0.8370145688090391,1.0,1.0
0.9672398972713915,0.9845147964992107,1.0
0.8162951964018726,1.0,0.9095437514904013
0.9287851530592777,0.8547287125335327,0.9818058662758831
0.9264330664950257,1.0,1.0
0.9796253236107212,1.0,1.0
0.39715028330361657,0.5255097583507311,0.7315532636272621
0.8731935942143518,1.0,1.0
0.9186083458336086,1.0,1.0
0.734691949622231,1.0,0.958502330996538
0.5083916734226266,0.4100595761974323,0.5372637865911465
0.5661636065095784,0.857975473916378,1.0
0.7706731059789038,0.8398860592615107,0.7820089993700069
0.9319541888752871,1.0,1.0
0.7828162397124528,1.0,1.0
0.597333104424586,0.9463247540918701,1.0
0.56130220406191,0.9514749586400396,1.0
0.1835048421663551,0.09307473098712316,0.11001415949691618
0.8431252956298346,0.9930395106616243,1.0
0.5968939857371073,0.7185654323411707,0.9332603174846201
0.8909544318518332,0.947846189218029,1.0
0.9839717544209047,1.0,1.0
0.8671587858269394,0.9072457129158112,0.923335915334279
0.8922825507976664,0.9418826108462758,1.0
0.7563912271696069,1.0,1.0
0.850283314491304,0.7098526148266026,1.0
0.9729346663721234,0.981090984818501,0.8233959047931594
0.660629955635231,1.0,0.8180430564667241
0.7288720373879386,0.8107034396800125,0.7289613590133558
0.8605700939994168,0.9600187384374763,0.9514705035971657
0.808240745847535,1.0,0.9998845720944887
0.9176911178134975,0.9425239297067021,0.9486429111040701
0.9838310219671293,0.9934547742791479,1.0
0.704054725546517,0.79337769631458,0.7063631200621587
0.8408415919341338,1.0,1.0
0.8642601645024233,0.9052221160210735,0.8010624119800808
0.9655578873671466,1.0,1.0
0.8708871225093875,0.896865082009255,1.0
0.8567701239373497,0.8999930822528407,0.8512517292032513
0.9984688467159861,0.9614097114541481,1.0
0.9862982048743619,1.0,0.8031793489400907
0.7849061144053301,0.9745189917035423,1.0
0.9932885826574194,0.9952720450400415,1.0
0.8335331993910196,1.0,1.0
0.7785186379367557,0.9177258422080353,1.0
0.9449957147765318,1.0,1.0
0.8410427032094218,0.9882780913405684,1.0
0.934240516119778,0.9322241527362397,1.0
0.9355387741520429,1.0,0.785521222962302
0.8773390753231393,1.0,1.0
0.8950384181486006,0.9812280676066852,1.0
0.6456224335640888,1.0,0.7733428753116623
0.9940233793492556,0.6971862447827852,1.0
0.8635391262647996,0.9640666931719597,1.0
0.8777575744449433,0.9146450684546452,0.8589329500933414
0.9773316160255938,0.9895253762120251,1.0
0.9903121199672336,1.0,1.0
0.9128251240455905,0.9391268191747032,0.8801592134622206
0.49053522233152147,0.6443130604976268,0.8350264016185993
0.9664383316702536,0.9765558695450794,0.9486626047277397
0.9966769367837913,1.0,1.0
0.9874691385613233,1.0,1.0
0.5246548826775204,1.0,0.9691458542283538
0.9162610175526706,0.9237821364784056,1.0
0.9823980672698014,1.0,1.0
0.7334242735964878,0.8138814869607788,0.780962564584722
0.9684313408462941,0.977946117595162,0.9490647244080906
0.9104061424210611,1.0,0.9737920807570662
0.11827643263017718,0.058948365771136824,0.06826164179287775
0.7843710672095893,0.8929017715556148,0.6975526459293314
0.9523335415142695,0.9667088788565638,0.8244675883580977
0.7894972040391184,0.8509164759021067,0.8258457412939835
0.6506179528922054,1.0,1.0
0.9702021439219667,0.8683200133591027,0.9235962346431564
0.8555970196883963,1.0,0.9745257030734429
0.7675949004379492,1.0,1.0
0.8477273185779696,0.8936800124423836,0.8704879179421113
0.9400876611398311,0.9581596401687974,0.9889096515474157
0.6998270276036793,0.8332271945599035,1.0
0.9932784348186419,1.0,1.0
0.6506615385050636,0.7561022417886084,0.6846937602230911
0.9997490354605456,0.9998111132093278,0.9717234947011542
0.690221213192023,0.9135756562711679,1.0
0.9548055145024896,1.0,1.0
0.903509634164753,1.0,1.0
0.9683356542148517,0.9555518276137408,0.9190929704880941
0.8215420366871659,0.8753992472423608,0.8854364847216666
0.8694517446230531,1.0,1.0
0.7333327474378041,0.8138175862511335,0.8020603631431098
0.5477202226612953,0.6845379656896766,0.6398077037376984
0.6338028802166564,1.0,1.0
0.9678636907106698,0.6079189846041457,0.9284324523468432
0.8677551757331294,0.9811709763798738,1.0
0.8612817864353266,0.9550722193364365,1.0
0.7720665137727655,0.8408588407261179,0.9747275791709437
0.844325074860955,0.8814859177347025,1.0
0.3391908182565474,0.1722491479688727,0.20241885085563327
0.8112574981780637,0.6811909328672145,1.0
0.8590155988455103,1.0,1.0
0.783287956237219,0.9521849284488378,1.0
0.8797494193727878,0.9970371675438493,1.0
0.8948392515351727,1.0,1.0
0.9365544077657447,1.0,1.0
0.6220497528998115,1.0,1.0
0.6626920792331477,1.0,1.0
0.8005795516843764,1.0,1.0
0.8961112252143604,0.9098703597581924,0.9172503697115406
0.8180902010724543,0.9675704787126125,0.9367020340704824
0.9145591812315959,0.9613336833641296,1.0
0.8739066466342611,0.9119566187315624,0.894101015691109
0.44846957671908216,1.0,1.0
0.6857513248393232,1.0,0.7766762450696881
0.9893503328758445,1.0,0.9303087590350853
0.798438179324873,1.0,0.9482425539885037
0.9099880756466012,0.9564609550953712,1.0
0.8485233326194065,1.0,0.7199507846638435
0.4762164908990314,0.9535803564269626,1.0
0.8670415251900744,0.8231346082006723,1.0
0.9258153331227016,1.0,1.0
0.5343362628920587,0.952180395590203,1.0
0.9777553199564468,1.0,1.0
0.9912447350160665,1.0,1.0
0.787611628609659,1.0,1.0
0.810781646802474,0.8678870908144686,0.8023221069337014
0.33848293588115863,0.5381606142707046,0.9086284463586463
0.9447958859933734,0.9474461422671095,0.9561208261582754
0.8941191384557793,1.0,1.0
0.8454773549838013,1.0,1.0
0.9973062144231254,1.0,1.0
0.7541069205861188,0.9213504830196838,0.6975882368741716
0.9747900531071388,0.9854722776260004,0.9290857040903551
0.8610083305428334,1.0,1.0
0.8517941186678001,0.9966630059327943,1.0
0.6676400641900478,0.7679554897174858,0.698386238670637
0.9473167093490664,0.9628192686951619,0.9356090057589764
0.7593320641803667,1.0,0.8169294216045666
0.795685989046232,0.8573483221485063,0.8557406301812439
0.8096087994831793,1.0,0.9349884097196104
0.8656892507581413,1.0,1.0
0.4885225466447005,0.6429079608516575,0.5737539535499208
0.941829411437666,0.9593747697592476,1.0
0.843847890083979,0.8909716595916075,0.8553585141650397
0.8375260083042845,1.0,1.0
0.7037703706747378,0.7931793512612378,0.6743929841155598
0.8426229620855266,0.8901164881184016,0.9087106951150956
0.9281992412118216,0.9865123105501619,0.9445711705755208
0.9235444045084975,1.0,0.6621840635605901
0.6338554428587027,0.7443693906552649,0.6528717537107074
0.9450248265259493,1.0,0.7139808255118829
0.8913807317996258,0.9371546824747957,0.9192646892076864
0.2930759068817598,0.9997019094324587,1.0
0.9267096727284154,1.0,1.0
0.8153230124802039,1.0,1.0
0.35972726086859697,1.0,1.0
0.9912454485639319,0.9938743369564768,1.0
0.7880496044214158,0.9398412344075102,1.0
0.5955832788984293,1.0,0.9055752749916121
0.6518252385790224,1.0,0.8241351852446079
0.5129033445272062,1.0,1.0
0.7893584337475038,1.0,1.0
0.7448345716100904,0.7478731063084545,0.9620300955334289
0.4122369368012261,0.5896505960173875,0.6360110055910904
0.7800797129803212,1.0,1.0
0.995575985560119,0.9513440834763851,1.0
0.850163020145916,1.0,0.8567833831270926
0.7680258122798623,1.0,0.5482488384618553
0.8074887920993422,0.8979269939795773,1.0
0.9465339546393816,1.0,1.0
0.9166700299198441,0.8944773769985521,1.0
0.855085016767322,1.0,0.8899774854908707
0.8625923317759643,0.9040577289403293,0.9148855025559691
0.804710046167532,1.0,1.0
0.968239875885264,1.0,0.9633966461496526
0.8658347850875467,1.0,0.9838376390142499
0.8178401037608378,0.9927107428023569,0.9303687441672656
0.9155243749192928,1.0,1.0
0.8383474244595226,1.0,0.9841032454226368
0.8252732575467696,0.989886503799579,1.0
0.6648924722770138,1.0,0.9543036197255061
0.9343682524717728,1.0,1.0
0.8537891990432803,1.0,1.0
0.7618197250777714,1.0,0.9563720826984672
0.5014769886637709,0.6519518490310094,0.7112022178732453
0.9895841659175377,1.0,1.0
0.7609892667177418,0.7883215301022009,1.0
0.6223558777253565,0.6421559903300545,0.8265672377195957
0.8458959860591909,0.8924014881965981,1.0
0.8710049885463725,0.9346018367933058,1.0
0.8536467717009065,0.9466116281791038,1.0
0.1921130033398818,0.07509973692803573,0.07886570430504014
0.7578328521944875,0.8309218915801837,1.0
0.5647244121938516,1.0,0.9511266071422504
0.9783068543836129,0.8054084419178494,0.8838013959782923
0.7317776144911212,1.0,1.0
0.7601859379370451,1.0,0.9208662743268508
0.9997694176420205,1.0,0.9514302084185042
0.9261966464060908,0.94846189992248,0.9361220868279714
0.7762136457529312,0.917947490272426,1.0
0.7678112247668821,0.9337332296753604,1.0
0.8694779983144835,1.0,1.0
0.6287050245725381,1.0,0.8725016508868718
0.9320659496469899,0.870850681637697,0.9163116121875792
0.855322620966616,0.9053825252333401,1.0
0.9793177013385052,0.5870365834033824,0.9533867729518479
0.9599505985754836,0.844887433092008,1.0
0.8012400656576124,1.0,1.0
0.9745194464694182,1.0,1.0
0.9667736370170723,1.0,1.0
0.9559697381727256,1.0,0.9753962995054297
0.7113933575880633,0.8620523904778328,0.960450375811118
0.8330931596864626,1.0,1.0
0.9021826179183406,0.9316964000797722,0.890838169436925
0.5922497019931883,1.0,0.8198133882170107
0.8251986094670601,0.9958899997270233,1.0
0.9571590478482445,0.9700777264821712,0.9578884557210952
0.9703339068984691,0.8692138325976292,1.0
0.7908354745294149,0.7628889983486333,0.9837622714936882
0.8708893886988449,1.0,1.0
0.9609257487014875,0.9727073653486349,0.968088466727071
0.8778400671522553,1.0,0.9718906262709281
0.9362958556249583,0.8186076887767407,1.0
0.38064008385840997,0.4384890433274715,0.6074519182736492
0.9036872121477981,1.0,1.0
0.9355225809128653,0.9746604317181509,1.0
0.43835149399083084,0.6078819712590324,0.828105377126402
0.5807986025460965,1.0,0.8976461155480201
0.8852562508085621,1.0,1.0
0.6240823783866966,0.9858805672666022,0.9774372558168418
0.9765263056165403,1.0,1.0
0.9360425095172081,1.0,1.0
0.9315713879751619,0.9657209848526304,1.0
0.2194313075975196,0.1881173015740788,0.2547301651287003
0.864570503742468,1.0,0.9052673814728314
0.9085536178194874,1.0,0.944971003685131
0.9935371653513463,1.0,1.0
0.7824936318013519,0.8325837600067792,0.7987504371573362
0.7709758365206772,0.4739729108015819,0.5764031900694959
0.9011589956296212,1.0,1.0
0.9676526122403499,0.8360834308628851,0.9653570188393307
0.960630500734434,0.8455928538370063,1.0
0.7950972332123578,1.0,1.0
0.6182872275285676,1.0,1.0
0.8589728700096428,1.0,1.0
0.9969364489161079,1.0,1.0
0.7159784130606068,0.8017001861273323,0.6574216881632737
0.9741611350450249,0.9468456884605158,1.0
0.956149043511838,1.0,0.960900625871917
0.6146222852253531,1.0,0.8744015566359059
0.9964251409668357,0.9974905998712813,1.0
0.6102915276748732,0.9049364038014575,1.0
0.623715045504293,1.0,0.8434907227726574
0.3575047447094776,0.5514403326223657,0.8043856124623091
0.7921241856534551,1.0,1.0
0.9861421622687275,0.7870095366904974,0.9030835239819368
0.8617887714157973,1.0,1.0
0.8757997096394947,0.9193795853047184,1.0
0.537877286747967,0.6773640330581662,1.0
0.9077386365395264,1.0,1.0
0.6288629113951945,0.7408839369889807,0.8161117639196794
0.839207945830957,0.9844300664509851,1.0
0.9932765826337264,0.9843568869795764,1.0
0.7692737050693376,0.8389090938158044,0.7687877369208255
0.3727048722678359,0.5239006270235449,0.7435832286107482
0.9917349555375647,1.0,1.0
0.984884247739309,1.0,1.0
0.8576015825503778,1.0,1.0
0.6057078007294568,1.0,1.0
0.8748514107557525,1.0,1.0
0.9983958990271836,0.9985250542520961,1.0
0.8110554656591684,1.0,1.0
0.7844285611609261,0.9084953137622743,0.9722507292105339
0.7794771640613862,0.8460324469548289,0.8269927750845614
0.6565226353758928,0.5649498719765846,0.7214127298067674
0.9067278782468996,1.0,1.0
0.8516504474218682,0.9588635613539334,1.0
0.7969123489298224,0.9480535431358652,1.0
0.938446087180906,1.0,1.0
0.7395835697314577,0.8456068010987533,0.7820531677711585
0.9912004337487318,1.0,1.0
0.8603319682607087,1.0,1.0
0.8070590238959701,0.8118323491439066,0.6986842708325648
0.8150976290899932,0.8709002009047551,0.8798099347905214
0.8502514973490545,1.0,1.0
0.8673496008688404,0.9414523405106495,1.0
0.5647904022420325,0.4787000064617156,0.6241379176975319
0.28313282308871934,0.49951897323381333,0.8193298358060255
0.8114471490833008,0.8582327552798303,1.0
0.9561725410630935,1.0,0.6529260286835157
0.890644345451202,1.0,1.0
0.9764812387394279,1.0,1.0
0.939069381528754,1.0,1.0
0.916228116081466,1.0,1.0
0.8814040128467131,1.0,1.0
0.4378093027917479,0.5704518127784961,0.8069851235485211
0.8398509368061329,0.8881812617764678,0.8665026706380454
0.9600433902038545,1.0,1.0
0.8017742582303774,0.9002549141080018,1.0
0.8726432401143058,1.0,1.0
0.9123404711312684,1.0,1.0
0.9452833612629569,0.9617869343703075,0.8830789960048742
0.9375666686528261,0.7841642338083358,1.0
0.848503911697837,0.846379976958264,1.0
0.6352998871931228,1.0,0.8939944208858668
0.8723126412623449,1.0,1.0
0.9292641608333625,0.8740802205996767,1.0
0.7339190159378337,1.0,0.7673272298108219
0.8427964914816666,1.0,1.0
0.5232445658187689,0.9398210147523545,1.0
0.7288966073270053,1.0,0.7781374354810418
0.9975702618077336,1.0,1.0
0.8486135355916784,1.0,1.0
0.9960407771583997,0.9820082103442112,1.0
0.9962773699442755,1.0,1.0
0.6259866569472317,1.0,1.0
0.8019974542807978,1.0,0.9646085535918392
0.5584443738754394,0.9655346708990489,1.0
0.7271117495728272,1.0,1.0
0.6807176055534108,1.0,0.7320580265294354
0.908153027678949,0.9358650829002617,0.9475378008059934
0.837014995168539,0.886201390976955,0.8989881874670601
0.953358990354273,1.0,1.0
0.5902674020231244,1.0,1.0
0.5811715270929342,0.6501417218575284,0.8711058687988418
0.8858190400820285,0.9202730263056496,0.9466563234486153
0.9967352271939592,0.988310137201314,1.0
0.7044511846173163,0.9681759163481298,1.0
0.9640090665867294,0.8666940531703725,1.0
0.9097979930298639,1.0,1.0
0.9187128297790192,0.9775261473149904,1.0
0.9858577061628393,1.0,1.0
0.9849985234018725,1.0,1.0
0.632243272177317,0.9605128310288136,0.9919102983232347
0.984224281733729,0.9462434899656689,1.0
0.664817420327686,1.0,0.9421350451835242
0.6928984581579534,0.8390940244807676,0.9411317849438257
0.3613665919030814,0.9985393969771248,0.9846146515631159
0.8229758151567591,1.0,1.0
0.4457638981771922,1.0,0.9761056900694058
0.89874959202134,1.0,1.0
0.8952044469349765,0.9858794116862979,1.0
0.7684928588610794,0.8456479808278751,0.8346066490596273
0.883067902706423,0.9959131718163605,1.0
0.6790342691941502,1.0,0.9152880938655299
0.8943482254259788,1.0,1.0
0.6637292851316409,1.0,1.0
0.7154151514200834,0.799882021568792,0.7596470925590345
0.7600693569846819,0.42669155759090316,0.5263167090190787
0.7779125259780213,0.9032787348406767,0.9778479509311306
0.9529926169533715,0.9485368602109002,1.0
0.8225123971126974,1.0,1.0
0.9145673753214568,0.9524465626502595,1.0
0.976094840641324,1.0,1.0
0.9999467224479236,1.0,0.9732793861197113
0.7265309129731129,1.0,1.0
0.9470504990278955,1.0,0.9481941472946315
0.7532448562336135,1.0,1.0
0.9136743318046331,0.9889945918579217,1.0
0.9054623764759803,1.0,1.0
0.9717133391871758,0.993525121566639,0.9946408983814256
0.6138112847448823,0.7303759267122227,1.0
0.9134718114923038,1.0,1.0
0.5169356420063398,0.6627440173436074,0.8726180430907917
0.8095008110309229,0.866992880599508,0.8634047248855792
0.7877456839578993,1.0,1.0
0.3589873293084024,0.5102252581076023,0.7229923725499348
0.8781497346031517,1.0,1.0
0.6284475818717455,0.34245547940241816,0.4023346546527734
0.8582294454553313,0.9010118675970109,0.8822009774133015
0.982163983758288,1.0,1.0
0.9675184276054434,1.0,1.0
0.8165336299639308,1.0,1.0
0.9732163717672564,1.0,1.0
0.8398627757735869,1.0,1.0
0.8326846454770302,1.0,1.0
0.9184438681719467,1.0,1.0
0.9245776416176633,0.9428823226693127,1.0
0.6099815453906913,1.0,0.7080025960040014
0.8639012503968063,1.0,1.0
0.7000413893564686,1.0,1.0
0.9611667803925321,0.5814525224752556,1.0
0.9986140504356773,1.0,1.0
0.9427671183990881,0.5943816834675839,1.0
0.9328102218011646,1.0,1.0
0.8726113690892705,1.0,0.9882429164280442
0.7345894170977195,0.9294487644137307,1.0
0.6118396556336032,1.0,0.7263139159264473
0.718714032377193,1.0,1.0
0.8994334419395844,1.0,1.0
0.8955442704008626,0.9498390590555916,1.0
0.8108859312672319,1.0,1.0
0.2508499768166528,0.05535348772424609,0.06000941385696734
0.8742961848128312,1.0,1.0
0.8040746320798469,0.8632047069852655,0.8829618032124897
0.899245232523118,1.0,1.0
0.3358544154280775,0.5363255621148585,0.8317876197379437
0.7883472495148398,1.0,1.0
0.9970157254147343,0.5513588131820628,0.9968012417595651
0.8786249152073882,1.0,1.0
0.9565687608009372,0.7646851170636955,1.0
0.5852281882661673,0.49384429934712215,0.6401087255071682
0.9358270784921271,1.0,1.0
0.7559424385277845,1.0,1.0
0.5072022964903719,0.6559488650929431,0.8906500973778843
0.7851165026156645,0.9662689429640193,1.0
0.6639657967774262,0.7590850416197059,0.6768008066652584
0.97078057377218,0.9734602976935511,1.0
0.8751300455434186,1.0,1.0
0.875230614815442,1.0,1.0
0.947464682811451,1.0,0.9808591794442921
0.7073193624277341,1.0,1.0
0.977942331761478,0.8162238451158591,1.0
0.8985612085053813,1.0,1.0
0.9709198848394358,0.9796845783610971,1.0
0.8790418709439816,1.0,1.0
0.8478403741353389,0.7039860184737128,0.7700912051869457
0.9701132407666799,1.0,1.0
0.9425742390215438,1.0,1.0
0.9862643686007277,0.914868990453182,1.0
0.9488298161003607,1.0,1.0
0.9005222796631703,0.9413839965259453,1.0
0.9172147157378413,1.0,1.0
0.37880643482748066,0.5663117072500143,0.7868448884209164
0.915057909822895,0.9406847725593416,0.9007050726057364
0.9869420604850148,0.9927748543593043,1.0
0.7653479883207516,0.9662711103601311,1.0
0.8204244653154428,0.9230298009944892,1.0
0.8813822404380437,1.0,1.0
0.8489448915411587,1.0,1.0
0.17605196910347276,0.3556429834431173,0.5143228973622103
0.9367908132577513,1.0,0.6682656330158643
0.9318786601073861,1.0,1.0
0.8864574743191417,1.0,1.0
0.9728980877792305,0.9935403151439987,1.0
0.8006780780422329,1.0,0.9110392159322611
0.9161147997470932,0.7902187067211291,1.0
0.9515848117786515,1.0,0.9809519963670973
0.972684657074815,0.9809166223995387,1.0
0.7874403966830186,1.0,1.0
0.7268649479659991,0.809302228670193,0.7527522318351726
0.8892590341206416,1.0,1.0
0.760397698326943,1.0,1.0
0.4326722644369393,0.6039171238772298,0.8788276623642952
0.8974425501417357,1.0,1.0
0.9476911411682767,0.9972699514198615,0.9869035337897816
0.36432842471839155,1.0,1.0
0.931130045260203,0.9519060654744979,0.9151408779996107
0.7443250038564145,1.0,1.0
0.7105622892967864,1.0,0.9608993191587473
0.9331264070850525,1.0,1.0
0.7173331754540984,1.0,1.0
0.6759845829872583,1.0,0.9677811236004983
0.4951406248318604,0.6475282357027043,0.95803422028887
0.8834578350694455,1.0,0.953171938012975
0.38858007306159914,0.1411383347087255,0.1951832271882883
0.9974064072741979,1.0,1.0
0.8103078931618889,1.0,1.0
0.6929514128404277,1.0,0.9433858020377228
0.9289513935087442,1.0,1.0
0.7221659638679399,1.0,0.9867768820420698
0.8971652733703334,1.0,1.0
0.5471717620300748,0.39178904184130003,0.49990271495673044
0.9247718264167556,0.9123420000957025,1.0
0.9804819258077933,0.9863601378488516,1.0
0.9453219683986622,0.9789400790059493,1.0
0.8528903336447552,1.0,1.0
0.9622438801074715,1.0,1.0
0.8499277261761703,0.9978532632118882,1.0
0.9942630627247704,0.8632102900633774,0.7729339704733136
0.2844948138811044,0.38624097874824104,0.5483409229569556
0.9623040374794718,1.0,1.0
0.9356608801324761,0.9479904938962849,1.0
0.8761685923762246,0.9190306223756266,1.0
0.3065535232766122,0.9526141669307806,1.0
0.9035308242089076,1.0,1.0
0.7229370767000329,1.0,1.0
0.6082958099584227,1.0,0.911760838877187
0.9036263124249071,0.9327048426260361,1.0
0.7440198608520445,1.0,0.7786863762563262
0.8910992119838317,1.0,1.0
0.4386111879489988,0.6080632717154308,0.9113694771597127
0.9935969149796918,0.9955161278236964,0.8412881008393707
0.7285108125593482,1.0,0.8834395448027383
0.8739931715947702,1.0,1.0
0.7453708224085285,1.0,1.0
0.7509208324939667,1.0,1.0
0.9451802699233204,0.8511492712039999,1.0
0.8226464287186285,1.0,0.9905862947851528
0.6801480184450429,1.0,0.9745472260900916
0.7890986357044394,0.8527495037012038,0.785330416907154
0.9826036641121495,0.8956208336338596,0.9851192086947617
0.8089407369591114,0.9188502451259991,1.0
0.8509123774870915,1.0,1.0
0.6488106651057093,0.8887714023738625,1.0
0.9451165766387916,0.862933337781827,1.0
0.8914094847009946,1.0,0.9954543754959824
0.8211639367949531,0.8751352839083427,0.9003613441025576
0.8143183098246792,0.9990627252846551,1.0
0.9676206490041491,0.9595018019460725,1.0
0.8411273804552243,0.8754270495968861,1.0
0.9771427138158768,1.0,0.9605424509666289
0.3025948631584007,1.0,0.9351954505911884
0.7880473043207522,1.0,0.9214255745789979
0.7477291935455711,1.0,0.9666404754966837
0.6751991382876716,0.9260574965943997,1.0
0.8543351522868315,0.8982932500743289,0.8691933830068138
0.6253260655320745,0.738414754518513,0.9792034033682043
0.4639819065258969,0.5885562187894793,0.8315327530844581
0.9799324205488861,1.0,1.0
0.9228316800569696,1.0,1.0
0.6674058208117994,1.0,0.7710804298669233
0.602184405520055,1.0,0.7038401682630568
0.9057300404680108,1.0,1.0
0.6961683688004671,1.0,0.9453968513155879
0.9089462842726579,1.0,1.0
0.982958759750895,0.9615753813429625,0.8672958602055841
0.7980154071680728,0.8855230139979844,1.0
0.978893848201491,1.0,1.0
0.667950592664305,1.0,0.798487830641421
0.9908673614950336,1.0,1.0
0.9217529987471255,0.8588273122270362,0.8094096866582087
0.9913459147697553,1.0,1.0
0.8727027303816582,1.0,1.0
0.8527460593813292,0.8971837529377014,0.8820033135779568
0.9809368274407277,1.0,0.6965052085604296
0.8355080115263502,0.9273662389662243,0.944474251183914
0.8519946559846469,1.0,1.0
0.6133568302738719,1.0,0.8668131933734002
0.8518512789477495,0.8965591301887059,0.7877339755060879
0.7793735084848732,1.0,1.0
0.8877067432205659,1.0,1.0
0.6061890797822578,0.6759388120934957,0.9218488633282148
0.9592694696572046,1.0,1.0
0.9200645988202678,0.9441809165349635,0.979667634701636
0.9799462348726848,1.0,1.0
0.7314261155636574,0.9521093762196126,1.0
0.9794693484053782,0.9623980137482394,1.0
0.6993828606785963,1.0,1.0
0.6833881603015208,0.7959820215453313,0.7217711652766232
0.99831122554695,1.0,1.0
0.9636865537817759,1.0,1.0
0.8359802582443647,0.8596801980780969,1.0
0.428702456282129,1.0,1.0
0.9920527562128598,0.9926793155720862,1.0
0.9951481100582918,1.0,1.0
0.5601655194483781,1.0,0.7325798653512853
0.7349365687142053,0.8149372729584121,0.7256803216190244
0.8995709000061667,1.0,1.0
0.9194800716462818,1.0,1.0
0.8987559144153793,0.9293046704174036,0.8934440312821286
0.9757162470662051,0.9870091001594876,1.0
0.9418936883804367,1.0,1.0
0.8459622994552485,1.0,1.0
0.8734142442865629,1.0,1.0
0.6662632516461467,1.0,1.0
0.9885045596285513,0.9934827106541705,1.0
0.9650021877485719,1.0,1.0
0.5782294475608456,0.9821712947193904,1.0
0.9189804613181505,0.6652881024070496,0.9197373195870172
0.7053795015403501,0.9439984140193113,1.0
0.9488267577986678,0.8583673345822272,1.0
0.6328727171003341,1.0,1.0
0.8676697389491472,1.0,1.0
0.8894263951777344,1.0,0.694327982254916
0.9098369880177704,0.9527951469081154,0.8185916721459872
0.9777149563607698,1.0,1.0
