X,Y,mu,sigma,acquisition,dist_known_ree_deg
139.5381077,-29.88229296,0.6351389609550255,0.23397450877144946,0.9861007241121997,0.0
139.6474649,-30.00383199,0.4500712659917461,0.19963807517338406,0.7495283787518221,0.0
139.3628149,-30.203943,0.6574674244713132,0.18887461949520837,0.9407793537141258,0.0
139.34856,-30.22373001,0.7072668917192251,0.17589536061306543,0.9711099326388233,1.000000082740371e-08
139.7008178,-29.94309998,0.695770321121253,0.1851788278206408,0.9735385628522142,0.0
139.462242,-30.13565303,0.929374948149565,0.18930999158613984,1.2133399355287748,0.0
139.5737097,-29.90327496,0.45570490449289636,0.25174120502515485,0.8333167120306286,0.0
139.354636,-30.26119468,0.0630274719450166,0.2807392934347344,0.4841364120971182,0.0379541634727406
139.3445439,-30.25175829,0.052713801952545096,0.28630055044431524,0.48216462761901796,0.02831453652106836
139.354636,-30.25175829,0.10464704236318577,0.24272861563248016,0.468739965811906,0.02867929035372028
139.364728,-30.25175829,0.06922612595200783,0.2860612470098817,0.4983179964668304,0.03235719615778856
139.3344519,-30.2423219,0.038166729864937986,0.2805468391646976,0.45898698861198434,0.023338733631968926
139.3445439,-30.2423219,0.09366202630953147,0.27517192765896614,0.5064199177979807,0.019020700858390274
139.354636,-30.2423219,0.32165327264056154,0.25057225019093576,0.6975116479269652,0.019559544420421647
139.364728,-30.2423219,0.27287519512011704,0.26344505461211315,0.6680427770382867,0.024638632793543176
139.37482,-30.2423219,0.23370013848010643,0.28057490390885037,0.654562494343382,0.0321752327409572
139.3344519,-30.23288551,0.19153200892480404,0.2870386550978969,0.6220899915716493,0.016818486339433066
139.3445439,-30.23288551,0.5471704296180981,0.23878433900450866,0.9053469381248611,0.009997602530110289
139.354636,-30.23288551,0.43675527728685315,0.24719699579734636,0.8075507709828726,0.010988210643236997
139.364728,-30.23288551,0.2219806713009005,0.2373789403418949,0.5780490818137429,0.01858029120172126
139.37482,-30.23288551,0.20640387453139103,0.2454242837395325,0.5745403001406898,0.02781026064495735
139.3849121,-30.23288551,0.12974509989759075,0.2687543587871053,0.5328766380782487,0.036413666842834515
139.3950041,-30.23288551,0.05840570261604913,0.28332136174632605,0.4833877452355382,0.04328756728831529
139.3243599,-30.22344912,0.19157518077170582,0.2886363594903445,0.6245297200072226,0.024201730203026354
139.3344519,-30.22344912,0.3688440663050333,0.2634670842150218,0.764044692627566,0.014110896159338658
139.3445439,-30.22344912,0.5174416697167837,0.2187715587163253,0.8455990077912717,0.004025911576278036
139.354636,-30.22344912,0.5120723309043234,0.20836932518539195,0.8246263186824112,0.006082489688449018
139.364728,-30.22344912,0.2211390752488544,0.2405282445678282,0.5819314421005968,0.016170439969608194
139.37482,-30.22344912,0.31062692704364714,0.22368968785520338,0.6461614588264522,0.022904391357657816
139.3849121,-30.22344912,0.3179145765858824,0.22666558224147929,0.6579129499481013,0.02947498880907902
139.3950041,-30.22344912,0.23800623599810194,0.26577295505885595,0.6366656685863858,0.03763818956983467
139.4050961,-30.22344912,0.038129611259248804,0.262995579117149,0.4326229799349723,0.04656381203140619
139.3142679,-30.21401273,0.07956191220741068,0.3022606199496667,0.5329528421319107,0.035642304181313415
139.3243599,-30.21401273,0.3480438329520096,0.271158702297005,0.7547818863975171,0.026078162606943754
139.3344519,-30.21401273,0.28784691755406233,0.25186390900581657,0.6656427810627872,0.017130797137137544
139.3445439,-30.21401273,0.5817277833895282,0.2361675641354633,0.9359791295927232,0.010514503514390535
139.354636,-30.21401273,0.6620629341494189,0.22426926013435053,0.9984668243509447,0.011460519226641088
139.364728,-30.21401273,0.7173073050263369,0.22178858442913738,1.049990181670043,0.010249849456602867
139.37482,-30.21401273,0.4548478236483605,0.2452135049390077,0.8226680810568721,0.015669138083608068
139.3849121,-30.21401273,0.28429668315515044,0.24502602641613594,0.6518357227793543,0.024283445186253125
139.3950041,-30.21401273,0.49783027240108657,0.22920121862214146,0.8416321003342988,0.033727497074541986
139.4050961,-30.21401273,0.13754191847158737,0.28039173219524377,0.558129516764453,0.04346377038079594
139.3041758,-30.20457634,0.08474948612189996,0.2862294591638415,0.5140936748676622,0.048340673011266
139.3142679,-30.20457634,0.08219924505792635,0.2837087553506021,0.5077623780838294,0.03927864025079837
139.3243599,-30.20457634,0.23216361137709693,0.22705247528869243,0.5727423243101356,0.030862733151044246
139.3344519,-30.20457634,0.3346851204406251,0.20730260573731085,0.6456390290465914,0.023788693599105563
139.3445439,-30.20457634,0.3327046133668763,0.2406309453030815,0.6936510313214985,0.018281973650444552
139.354636,-30.20457634,0.3292048543259835,0.22794885507682727,0.6711281369412244,0.008203384957774354
139.364728,-30.20457634,0.6256603794004826,0.21855633410951716,0.9534948805647583,0.0020152099557349755
139.37482,-30.20457634,0.4149728835046004,0.2455127560696196,0.7832420176090298,0.012021794606706939
139.3849121,-30.20457634,0.2652315967471466,0.2561474337769532,0.6494527474125764,0.022106274389784256
139.3950041,-30.20457634,0.6377696951917213,0.23469938626772746,0.9898187745933125,0.03219543005142049
139.4050961,-30.20457634,0.1338016998543093,0.2586478814261775,0.5217735219935755,0.042285943208083064
139.4151881,-30.20457634,0.05989035041087309,0.26854902171348144,0.4627138829810953,0.05237702929525641
139.4252802,-30.20457634,0.1245010246076376,0.30292122718107833,0.578882865379255,0.0624685106565485
139.3041758,-30.19513994,0.06408084514208448,0.2842883350894089,0.4905133477761978,0.05279535854642997
139.3142679,-30.19513994,0.04067007077056973,0.2592350556419416,0.4295226542334821,0.044646845317621184
139.3243599,-30.19513994,0.05711592267629182,0.24333183933460625,0.42211368167820124,0.037457142368532606
139.3344519,-30.19513994,0.11818874692159459,0.2476825670525601,0.4897125975004347,0.029697704193467452
139.3445439,-30.19513994,0.06653183475563142,0.22762596286177234,0.40797077904828993,0.020281107128643568
139.354636,-30.19513994,-0.011189225023012353,0.22277367510674245,0.32297128763710137,0.012016167049995871
139.364728,-30.19513994,0.12416646552134832,0.24992711097435372,0.4990571319828789,0.009008541334403772
139.37482,-30.19513994,0.20464360142171878,0.25536450118004383,0.5876903531917845,0.014886782438586788
139.3849121,-30.19513994,0.3073087188661685,0.2516513777850708,0.6847857855437747,0.02378613279212069
139.3950041,-30.19513994,0.3611759948846849,0.2631622021616126,0.7559192981271038,0.03337122206338685
139.4050961,-30.19513994,0.2797063317618465,0.26582897321558374,0.6784497915852221,0.04318788879773117
139.4151881,-30.19513994,0.4024728572342997,0.26944592594065797,0.8066417461452866,0.05310787082536934
139.4252802,-30.19513994,0.1987347738325908,0.2766816570390453,0.6137572593911587,0.063082545679889
139.4353722,-30.19513994,0.07442435189465878,0.25841643103264456,0.4620489984436256,0.0652738738959847
139.2940838,-30.18570355,-0.020100087654045126,0.26809256862781755,0.3820387652876812,0.06643544827198125
139.3041758,-30.18570355,0.013814272825289908,0.26110123121193823,0.40546611964319723,0.05844629697680342
139.3142679,-30.18570355,0.04220422418006934,0.2608757592769314,0.43351786309546647,0.05120508317608904
139.3243599,-30.18570355,0.010435661777841734,0.25895617641010066,0.3988699263929927,0.04256130356676593
139.3344519,-30.18570355,0.13779151321872876,0.25185374907985214,0.515572136838507,0.03372146653545192
139.3445439,-30.18570355,0.020011199337293298,0.2670669072212326,0.4206115601691422,0.02581679641827053
139.354636,-30.18570355,0.12133838408960479,0.237845022877997,0.47810591840660027,0.019989295673242605
139.364728,-30.18570355,0.1874207826594259,0.27364998133268564,0.5978957546584545,0.01833950620689037
139.37482,-30.18570355,0.19530290821735224,0.25196907894523685,0.5732565266352074,0.021835749639358047
139.3849121,-30.18570355,0.29312851136620355,0.2280780452306283,0.635245579212146,0.02865246558576257
139.3950041,-30.18570355,0.48585904745971964,0.2370668424046628,0.8414593110667139,0.03699759631304156
139.4050961,-30.18570355,0.14741196183687555,0.2782010541343748,0.5647135430384378,0.04604755595842306
139.4151881,-30.18570355,0.524430653930022,0.2497513724970604,0.8990577126756125,0.05545835928462926
139.4252802,-30.18570355,0.3190684891195487,0.26207054101025984,0.7121743006349385,0.06221920291606395
139.4353722,-30.18570355,0.3594539104078964,0.2513396648558441,0.7364634076916625,0.056807048016166865
139.4454642,-30.18570355,0.10468123248174496,0.25586519869233737,0.488479030520251,0.052787774390575665
139.4555563,-30.18570355,0.0583400746379369,0.27002755486617747,0.4633814069372031,0.050495080322346314
139.2839918,-30.17626716,0.02416482021706222,0.26842239929702677,0.4267984191626024,0.0801359814978231
139.2940838,-30.17626716,0.06033979120682846,0.28459623416403435,0.48723414245288,0.07225219336337094
139.3041758,-30.17626716,0.013801833374989692,0.2817277755609296,0.4363934967163841,0.0648420863985334
139.3142679,-30.17626716,0.009331803664505534,0.25396355230158385,0.3902771321168813,0.055881690460330355
139.3243599,-30.17626716,0.10838754868881663,0.24292259290681908,0.47277143804904526,0.04737867816545282
139.3344519,-30.17626716,0.12199473399470662,0.24158947223312996,0.48437894234440154,0.03962842273803939
139.3445439,-30.17626716,-0.0023985899757031914,0.24659938415433935,0.36750048625580584,0.03316295464378257
139.354636,-30.17626716,0.026561712133412282,0.2453897532857029,0.39464634206196664,0.028859080458591698
139.364728,-30.17626716,0.02558000943708086,0.25135421306856176,0.40261132903992347,0.027741882980715712
139.37482,-30.17626716,0.18045832964033484,0.23269541430629004,0.5295014510997699,0.030167441815902765
139.3849121,-30.17626716,0.07655179628242399,0.2632987011626984,0.47149984802647155,0.035415227904765235
139.3950041,-30.17626716,0.10806265661326489,0.24458846134034043,0.4749453486237756,0.04245110971866272
139.4050961,-30.17626716,0.3157487576939657,0.22025828798500285,0.64613618967147,0.050533671874773325
139.4151881,-30.17626716,0.23268964944635026,0.25928160947880713,0.621612063664561,0.059236004236833686
139.4252802,-30.17626716,0.1706210615852208,0.244038326346985,0.5366785511056983,0.05491522753204943
139.4353722,-30.17626716,0.37956627124431863,0.24376774930829184,0.7452178952067564,0.048697984636918046
139.4454642,-30.17626716,0.29684929834597296,0.26206351464955635,0.6899445703203075,0.04394316930419032
139.4555563,-30.17626716,0.21635000720644892,0.2795046837049074,0.63560703276381,0.041160735417951705
139.4656483,-30.17626716,0.020620042629229757,0.2624368180521121,0.4142752697073979,0.040756722578572276
139.2839918,-30.16683077,0.029933381317462475,0.27472533814415406,0.44202138853369355,0.08606147280753529
139.2940838,-30.16683077,0.00032941302818871587,0.2783460103406331,0.4178484285391384,0.07811070171737
139.3041758,-30.16683077,-0.018926664739387186,0.2592451544246859,0.3699410668976416,0.06939640959287449
139.3142679,-30.16683077,-0.01372376089343108,0.25343646435981887,0.36643093564629725,0.06110751856008646
139.3243599,-30.16683077,0.028599209645134724,0.24342137225137653,0.39373126802219954,0.053442535873334925
139.3344519,-30.16683077,0.05220681177263071,0.2389630736233292,0.41065142220762446,0.04670949993921891
139.3445439,-30.16683077,0.006557465781570418,0.28033842279624605,0.4270650999759395,0.041366013302863915
139.354636,-30.16683077,0.016647562782271058,0.25324330098851605,0.3965125142650452,0.03800278964474324
139.364728,-30.16683077,-0.010724965549852278,0.2589303933186995,0.377670624428197,0.037161506524666876
139.37482,-30.16683077,0.059053189304933126,0.2422025665078676,0.42235703906673455,0.03900564115077476
139.3849121,-30.16683077,0.06861511784374286,0.23190046480470303,0.4164658150507974,0.0431926366804991
139.3950041,-30.16683077,0.09868312805720025,0.25185858907774555,0.47647101167381856,0.04912700084691793
139.4050961,-30.16683077,0.12336643449415932,0.23209463809045736,0.47150839162984537,0.05625848815080611
139.4151881,-30.16683077,-0.014216170000044367,0.23888162030600954,0.3441062604589699,0.056445734796514505
139.4252802,-30.16683077,0.14110502681079262,0.22291972459637563,0.47548461370535605,0.04835520789685062
139.4353722,-30.16683077,0.26023758286238563,0.22687912551920722,0.6005562711411965,0.04115868831180595
139.4454642,-30.16683077,0.539436023751825,0.2604229735466682,0.9300704840718272,0.03540545218391681
139.4555563,-30.16683077,0.31928559411110713,0.2682396944700074,0.7216451358161182,0.031886518405080055
139.4656483,-30.16683077,0.25900257284782013,0.24498590329224143,0.6264814277861823,0.031363264358124275
139.2738998,-30.15739438,0.05645061120613842,0.2955238659892919,0.4997364101900763,0.09987273200552413
139.2839918,-30.15739438,0.025247277114364183,0.2901090944904141,0.46041091884998536,0.09154154858594749
139.2940838,-30.15739438,0.03897992482171636,0.2986195883665657,0.48690930737156496,0.08301047000897853
139.3041758,-30.15739438,0.02265104934575722,0.2942827607200814,0.46407519042587936,0.07486867217143349
139.3142679,-30.15739438,-0.02172615812270076,0.2702207492877909,0.3836049658089856,0.0672576035322616
139.3243599,-30.15739438,-0.0534091626328862,0.25509511109430894,0.3292335040085772,0.060378481671074395
139.3344519,-30.15739438,0.07785904093495545,0.26622534513004786,0.47719705863002726,0.05450902487573473
139.3849121,-30.15739438,0.061484621306222564,0.24928335687195619,0.43540965661415687,0.05152727696807947
139.3950041,-30.15739438,0.2732163505930444,0.25061206960276994,0.6491344549971994,0.056594333820133014
139.4050961,-30.15739438,0.06663980227343592,0.2584011401694373,0.45424151252759193,0.06114196747432868
139.4151881,-30.15739438,0.13677565921886917,0.2356369695791055,0.49023111358752736,0.05183392523274009
139.4252802,-30.15739438,0.13230961441204223,0.23714339395365197,0.4880247053425202,0.042881942109266526
139.4353722,-30.15739438,0.19986651199114802,0.22975207503724066,0.544494624547009,0.03456403407970824
139.4454642,-30.15739438,0.5656170794528451,0.24915430365620117,0.9393485349371469,0.027462353734930674
139.4555563,-30.15739438,0.5850963371861052,0.2706133693655161,0.9910163912343793,0.022746096023545454
139.4656483,-30.15739438,0.30491599637383315,0.2809597032476812,0.726355551245355,0.022006571280243303
139.2839918,-30.14795799,0.021464249210404907,0.2841526677940515,0.44769325090148215,0.09668196542431895
139.2940838,-30.14795799,0.03766238573606303,0.29850555003368856,0.4854207107865958,0.08864697091219387
139.3041758,-30.14795799,0.03177727701276869,0.2928519525714117,0.47105520586988625,0.08107321008514096
139.3142679,-30.14795799,0.01309172863297356,0.2901718593693654,0.4483495176870217,0.07410217644373684
139.3243599,-30.14795799,0.061247729517815194,0.29666256998727775,0.5062415844987318,0.06791986726798048
139.3849121,-30.14795799,0.11386437260854174,0.26271853241722165,0.5079421712343742,0.0601881017522649
139.3950041,-30.14795799,0.13061467214347,0.23107871723677423,0.47723274799863136,0.06457914478638187
139.4050961,-30.14795799,0.10949374556440393,0.23522087480638418,0.4623250577739802,0.05845567489483765
139.4151881,-30.14795799,0.3172092320094074,0.22392177870835772,0.653091900071944,0.048636216401076834
139.4252802,-30.14795799,0.12050462016724466,0.2345359560628308,0.4723085542614909,0.03895621516320048
139.4353722,-30.14795799,0.3944737760836148,0.20434510503720324,0.7009914336394196,0.02955331102672454
139.4454642,-30.14795799,0.39148982591604853,0.23603746975591897,0.745546030549927,0.020806407989884902
139.4555563,-30.14795799,0.6685646419101586,0.2512802388328593,1.0454850001594476,0.01400395033879498
139.4656483,-30.14795799,0.33087667942633175,0.28786030562653986,0.7626671378661416,0.012767729645145026
139.2839918,-30.1385216,0.03635070018368234,0.2934533322142782,0.47653069850509966,0.10243554398532184
139.2940838,-30.1385216,0.05315079209955326,0.29818435461614495,0.5004273240237707,0.09488900718822463
139.3041758,-30.1385216,0.04760706183389025,0.29828875277820505,0.49504019100119784,0.08785501480717535
139.3142679,-30.1385216,0.033840814797036434,0.28460633624345777,0.4607503191622231,0.08146637826096302
139.3243599,-30.1385216,0.07291669755598397,0.30204361471856195,0.5259821196338269,0.07588640591673641
139.3849121,-30.1385216,0.07901546077829957,0.29953696475499597,0.5283209079107936,0.06905248602187031
139.3950041,-30.1385216,0.17004099431818137,0.25947872998576876,0.5592590892968345,0.06729906307116122
139.4050961,-30.1385216,0.03648816592016075,0.2273332835286371,0.3774880912131164,0.057217851940231934
139.4151881,-30.1385216,0.03932953734509683,0.23305723271390352,0.3889153864159521,0.04714125792822807
139.4252802,-30.1385216,0.42650113456445027,0.22951316027913934,0.7707708749831592,0.03707294637717539
139.4353722,-30.1385216,0.32446471670174326,0.23508121554669975,0.6770865400217929,0.027022487781210466
139.4454642,-30.1385216,0.21598001894050473,0.24971634821887304,0.5905545412688142,0.017021259256732358
139.4555563,-30.1385216,0.3368610974748074,0.25646566277462646,0.7215595916367471,0.007275113630369407
139.4656483,-30.1385216,0.4921256224381627,0.25606891202172993,0.8762289904707576,0.0044532654911722735
139.2839918,-30.12908521,0.07585652589293283,0.3030953754491255,0.5304995890666211,0.1087049668473941
139.2940838,-30.12908521,0.07360008563208019,0.30216789142100287,0.5268519227635845,0.10162506005356745
139.3041758,-30.12908521,0.074164281144052,0.3017710484966314,0.5268208538889991,0.09509065554771007
139.3142679,-30.12908521,0.04992753848056927,0.2926648066872004,0.4889247485113699,0.08922163377052984
139.3243599,-30.12908521,0.0739992692123875,0.3031094346085998,0.5286634211252872,0.08415744618679877
139.3950041,-30.12908521,0.044137364981038235,0.2764085527270864,0.45875019407166784,0.067557911867994
139.4050961,-30.12908521,0.16488923827922525,0.2574707837496102,0.5510954139036406,0.05752208398834148
139.4151881,-30.12908521,0.3029934995580423,0.2546800867409723,0.6850136296695007,0.04751005961649842
139.4252802,-30.12908521,0.33379853086336064,0.22890416847883832,0.6771547835816181,0.03754079006617242
139.4353722,-30.12908521,0.5027312797988122,0.2435542930538874,0.8680627193796433,0.027660846183607198
139.4454642,-30.12908521,0.33058872950669244,0.26501793303775173,0.72811562906332,0.018017514600865595
139.4555563,-30.12908521,0.3024763892318905,0.23360068423758204,0.6528774155882635,0.009372024543410813
139.4656483,-30.12908521,0.27719837448198936,0.23212576633043305,0.6253870239776389,0.007398590355086146
139.4050961,-30.11964882,0.12170781975192808,0.29124943267892983,0.5585819687703228,0.05934465961258489
139.4151881,-30.11964882,0.23976507257850907,0.2758079555593675,0.6534770059175603,0.04970114931201276
139.4252802,-30.11964882,0.2782106213782659,0.26966604115537895,0.6827096831113344,0.04027790209239034
139.4353722,-30.11964882,0.20864314263328243,0.242931557475293,0.5730404788462219,0.03127492429670981
139.4454642,-30.11964882,0.18320749809812498,0.21057734588158594,0.4990735169205039,0.023186834854377118
139.4555563,-30.11964882,0.215072223713828,0.24284315468073547,0.5793369557349313,0.017344547333789002
139.4656483,-30.11964882,0.37806919410008233,0.23376760869695015,0.7287206071455076,0.01636268979765021
139.4353722,-30.11021243,0.05372219709309806,0.287840489614076,0.485482931514212,0.03700284151792597
139.4454642,-30.11021243,0.05160732679357391,0.2267523863070813,0.39173590625419585,0.030474886401756676
139.4555563,-30.11021243,-0.051143746528051454,0.18760541902449554,0.23026438200869184,0.02630442382660878
139.4656483,-30.11021243,0.06204570176576787,0.20921016934380732,0.3758609557814788,0.025667625680026243
139.4353722,-30.10077604,0.07724063923524868,0.30275093538298353,0.531367042309724,0.044027157340679184
139.4454642,-30.10077604,0.02998267679301747,0.2567956617356872,0.4151761693965482,0.038702700219754034
139.4555563,-30.10077604,0.00015331865607089157,0.251222861331928,0.37698761065396286,0.03551201227683442
139.4656483,-30.10077604,0.19568454689684195,0.2561558614796946,0.5799183391163838,0.03504293525305946
139.4353722,-30.09133965,0.07597520049374563,0.302214091561485,0.5292963378359731,0.05182337116654358
139.4454642,-30.09133965,0.12465204960948682,0.25884822237863714,0.5129243831774425,0.0473832271997652
139.4555563,-30.09133965,-0.025902250130212037,0.2500137909074166,0.3491184362309129,0.04481488850275607
139.4656483,-30.09133965,0.12709055610236752,0.24587539352416815,0.4959036463886197,0.044444105646469445
139.4353722,-30.08190326,0.05681395329595067,0.29826543035897995,0.5042120988344205,0.0600917958384805
139.4454642,-30.08190326,-0.0006659028468082029,0.23742371294151773,0.3554696665654684,0.05630748039020082
139.4555563,-30.08190326,0.04977040772054762,0.2806163214909934,0.4706948899570378,0.054163976585390586
139.4656483,-30.08190326,0.03903130876119132,0.25195534810397535,0.41696433091715435,0.05385759607281798
139.4353722,-30.07246687,0.062466022411611394,0.274831584022474,0.47471339844532234,0.06866204896146388
139.4454642,-30.07246687,0.1365985916502906,0.2673517033861965,0.5376261467295853,0.06537572476375074
139.4555563,-30.07246687,0.13917168402077654,0.2783645963933438,0.5567185786107922,0.06353888101025687
139.4656483,-30.07246687,0.054337743302083207,0.27728364497704305,0.47026321076764777,0.06327790842968548
139.4656483,-30.06303048,0.06247099334132059,0.2602793479934331,0.4528900153314703,0.07270239093862559
139.4757403,-30.16683077,0.07765979856611682,0.2655083873193913,0.4759223795452038,0.033974336997178764
139.4757403,-30.15739438,0.0957718241861529,0.2739487014942255,0.5066948764274912,0.02559082653437967
139.4858323,-30.15739438,0.23519040577928324,0.2616739845525859,0.6277013826081621,0.03208096871841985
139.4757403,-30.14795799,0.44837842977662545,0.2696014524133377,0.8527806083966321,0.018265162016576703
139.4858323,-30.14795799,0.39822642356803095,0.22229226176890107,0.7316648162213826,0.026606658841187087
139.4959244,-30.14795799,-0.0033083690607125515,0.24839845037874672,0.36928930650740754,0.035859672479845534
139.5060164,-30.14795799,0.02063136323549347,0.2661244605478046,0.41981805405720035,0.04547098125135015
139.4757403,-30.1385216,0.6032651731787798,0.2609602090997262,0.9947054868283691,0.01379973900967504
139.4858323,-30.1385216,0.34713519369158685,0.2480042270393227,0.7191415342505709,0.023764068421351373
139.4959244,-30.1385216,0.07778731518811759,0.24961840586638792,0.45221492398769947,0.033804330545140836
139.5060164,-30.1385216,-0.026855423716717647,0.23102303872173865,0.31967913436589035,0.04386828910732658
139.5161084,-30.1385216,0.07261524438849079,0.2789251706860753,0.4910030004176037,0.05394272650511217
139.4757403,-30.12908521,0.2086020677966269,0.2776391929817839,0.6250608572693028,0.015011341127382822
139.4858323,-30.12908521,0.5456244409840507,0.24084372781366997,0.9068900327045557,0.02448751750672529
139.4959244,-30.12908521,0.014787248241797168,0.23020713580923036,0.3600979519556427,0.03431676455193073
139.5060164,-30.12908521,0.05649327836898557,0.2145746531127267,0.37835525803807557,0.04426436890899379
139.5161084,-30.12908521,0.04953504345085687,0.24762716457970346,0.42097579032041205,0.054265323260004994
139.5262004,-30.12908521,0.012531277777696193,0.26747677177569323,0.41374643544123607,0.06429473687722136
139.4757403,-30.11964882,0.06857118480723645,0.2552258845673238,0.45141001165822214,0.02093654318683979
139.4858323,-30.11964882,0.25558593388190654,0.24409641601407034,0.621730557903012,0.02850678852157728
139.4959244,-30.11964882,0.07938258128541922,0.235702755949568,0.4329367152097712,0.03729126985615269
139.5060164,-30.11964882,0.18609040641562646,0.231090375768986,0.5327259700691055,0.046608291462820736
139.5161084,-30.11964882,-0.005334130360852049,0.23587616820474522,0.34848012194626576,0.05619362763414186
139.5262004,-30.11964882,0.013875114257090815,0.2634811133951807,0.4090967843498619,0.0659303546803965
139.5362925,-30.11964882,0.016900561701766556,0.2732155977725809,0.4267239583606379,0.07576022233318706
139.4757403,-30.11021243,0.13070673095906002,0.24066358144113711,0.4917021031207657,0.028799795680702737
139.4858323,-30.11021243,0.1229907213843726,0.25281306149394606,0.5022103136252917,0.0346947601584122
139.4959244,-30.11021243,0.15822389519340024,0.22614088281332578,0.4974352194133889,0.04221052236256048
139.5060164,-30.11021243,0.18715349926935226,0.2639239109499687,0.5830393656943054,0.05063025008548807
139.5161084,-30.11021243,0.019205119444731536,0.2484451168314997,0.39187279469198105,0.059571916011829
139.5262004,-30.11021243,0.03830020811756231,0.26800615390464727,0.44030943897453323,0.06883241285120476
139.5362925,-30.11021243,0.01281197457383644,0.25237837699493904,0.391379540066245,0.07829879104181464
139.5463845,-30.11021243,0.130822827752707,0.27474489070696206,0.5429401638131501,0.08790440509216454
139.4757403,-30.10077604,0.17939509937169917,0.2737681136134194,0.5900472697918283,0.037397975003339405
139.4858323,-30.10077604,0.02798421951805627,0.2284340861804467,0.3706353487887263,0.04210589846505976
139.4959244,-30.10077604,0.11838979960833948,0.24338442087963694,0.48346643092779484,0.04848616814330035
139.5060164,-30.10077604,0.1692366026996906,0.25927454230994995,0.5581484161646155,0.05596965719762128
139.5161084,-30.10077604,0.03567243599600927,0.2313677711884764,0.3827240927787239,0.06417159403054114
139.5262004,-30.10077604,0.05939488710925849,0.24891834693417197,0.43277240751051643,0.07284971765229342
139.5362925,-30.10077604,0.09365925193472564,0.2611102329826063,0.48532460140863515,0.08185280069557746
139.5463845,-30.10077604,0.046353635057271685,0.2585768157231164,0.4342188586419463,0.09108438251263243
139.5564765,-30.10077604,0.14122420189589815,0.24724592392467773,0.5120930877829147,0.1004815675719181
139.5665686,-30.10077604,0.06997185199023201,0.2657999023564766,0.46867170552494697,0.11000201770432073
139.4757403,-30.09133965,0.06584403128919655,0.2579361960112901,0.45274832530613174,0.0463236413714943
139.4858323,-30.09133965,0.03169127516058674,0.23905940642879794,0.39028038480378363,0.050201373498285295
139.4959244,-30.09133965,0.019987538072738786,0.21457492815729756,0.34184993030868516,0.05566129460212736
139.5060164,-30.09133965,0.007809694194510136,0.23144686645437137,0.35497999387606716,0.06228863252940828
139.5161084,-30.09133965,0.15067678970417975,0.23580724243969686,0.504387653363725,0.06975144941852464
139.5262004,-30.09133965,0.24435429091724917,0.26461140172310366,0.6412713935019047,0.07780972032839657
139.5362925,-30.09133965,0.11625344544249072,0.24469749363368387,0.48329968589301653,0.08629688405310093
139.5463845,-30.09133965,0.08758436661601193,0.22810564890566468,0.42974283997450896,0.095098033382778
139.5564765,-30.09133965,0.11985643034718815,0.243536944138449,0.4851618465548617,0.10413364795912206
139.5665686,-30.09133965,0.3584843237918979,0.24246325974973731,0.7221792134165038,0.11334776184197953
139.5766606,-30.09133965,0.02588321302796809,0.26756433297788884,0.42722971249480135,0.11256482335598648
139.4757403,-30.08190326,-0.005899022616102312,0.24636452905067263,0.36364777095990664,0.05541878632686843
139.4858323,-30.08190326,-0.022651887516225724,0.21461061635971387,0.2992640370233451,0.05869872255119887
139.4959244,-30.08190326,-0.015004845496384533,0.19209317051510336,0.2731349102762705,0.06343139478848857
139.5060164,-30.08190326,-0.07344481250657822,0.245417864039536,0.2946819835527258,0.069319808643792
139.5161084,-30.08190326,0.08466193562950534,0.21755266917766725,0.4109909393960062,0.07609616826104508
139.5262004,-30.08190326,0.06287797943480805,0.22770199857541318,0.4044309772979278,0.08354468687841002
139.5362925,-30.08190326,0.04680516564152007,0.24505649339544003,0.41438990573468015,0.09150144438916048
139.5463845,-30.08190326,0.14818637140499186,0.25755268559606304,0.5345153997990864,0.09984487008004087
139.5564765,-30.08190326,0.18436645060845744,0.20627274489985767,0.49377556795824395,0.10848584592149635
139.5665686,-30.08190326,0.2323544469601441,0.2369482919839366,0.587776884936049,0.11242479509921145
139.5766606,-30.08190326,-0.038956409635565986,0.2538607297443091,0.34183468498089764,0.10539626225773906
139.5867526,-30.08190326,0.01191552096556002,0.25960982628245055,0.40133026038923586,0.09889947710023812
139.4757403,-30.07246687,-0.028447125407436602,0.22832091088723208,0.31403424092341153,0.0646118790814502
139.4858323,-30.07246687,0.03285167707295464,0.23331339134862006,0.38282176409588475,0.06744622353872354
139.4959244,-30.07246687,-0.03802953904515288,0.22858583418083697,0.30484921222610256,0.07160303684415863
139.5060164,-30.07246687,-0.06511982807363936,0.2371366477511502,0.29058514355308596,0.07686799666249136
139.5161084,-30.07246687,0.009285827268641009,0.2123552939772017,0.32781876823444356,0.083030595954179
139.5262004,-30.07246687,-0.021667790034439735,0.2175416475975393,0.3046446813618692,0.0899064388467501
139.5362925,-30.07246687,0.013205794258481382,0.22399276266699483,0.34919493825897363,0.09734458056715571
139.5463845,-30.07246687,0.20255579493238723,0.25191859050583676,0.5804336806911423,0.1052257151165678
139.5564765,-30.07246687,-0.0015720059470328146,0.20663860054100258,0.30838589486447104,0.11345762118868652
139.5665686,-30.07246687,0.08499470324312537,0.24718677580912918,0.4557748669568191,0.1060893873405864
139.5766606,-30.07246687,0.1412784873228613,0.2542322886286448,0.5226269202658285,0.09861032223405115
139.5867526,-30.07246687,-0.02963257985865278,0.21508700763718558,0.2929979315971256,0.09163367352617605
139.5968446,-30.07246687,-0.008121376121357257,0.2527288582532103,0.37097191125845813,0.0852828325321321
139.4757403,-30.06303048,0.15936165089031706,0.2863882847797541,0.5889440780599482,0.07386635818417629
139.4858323,-30.06303048,0.0834192648524021,0.2660151241848793,0.48244195112972105,0.07635795323731871
139.4959244,-30.06303048,0.11616051282460724,0.24099243663065478,0.4776491677705894,0.08005334995028643
139.5060164,-30.06303048,0.0054457702617808496,0.2589733241157599,0.3939057564354207,0.08479524080903285
139.5161084,-30.06303048,-0.05128612661913057,0.22162484936659776,0.2811511474307661,0.09041915625277208
139.5262004,-30.06303048,-0.03595372253857587,0.24197602298699122,0.327010311941911,0.09677144051351877
139.5362925,-30.06303048,-0.0009208032210286793,0.2609617240719677,0.3905217828869229,0.1037184232369185
139.5463845,-30.06303048,0.11408778974358617,0.27277345026863115,0.5232479651465328,0.11114852709213095
139.5564765,-30.06303048,0.2844439688806386,0.223395664386746,0.6195374654607576,0.10855114072563958
139.5665686,-30.06303048,0.09976086884679934,0.23577290926126918,0.45342023273870313,0.10024306745090411
139.5766606,-30.06303048,0.11275282914036618,0.24720585516873536,0.4835616118934692,0.09229144118914247
139.5867526,-30.06303048,0.04880433231849768,0.2143399946627598,0.3703143243126374,0.08479648925260619
139.5968446,-30.06303048,0.09941508605561411,0.25574975230296815,0.48303971451006633,0.07789015335951797
139.6069367,-30.06303048,0.07456055534311358,0.26411441015196424,0.4707321705710599,0.07174256904738437
139.6170287,-30.06303048,0.021136462820589758,0.2709784162081494,0.42760408713281384,0.06656443110791162
139.4959244,-30.05359409,0.1201141333176071,0.26337920223958844,0.5151829366769898,0.08870272658539742
139.5060164,-30.05359409,0.04897324882106636,0.25113647538820844,0.42567796190337903,0.09300466509419093
139.5161084,-30.05359409,0.0586731780243454,0.23189843837109594,0.40652083558098934,0.0981593535170437
139.5262004,-30.05359409,0.04231657369258255,0.2376993440959531,0.3988655898365122,0.10404011997533572
139.5362925,-30.05359409,-0.010235079330224606,0.25725860639016723,0.37565283025502627,0.11053120004855327
139.5463845,-30.05359409,0.17157168616045665,0.27499396262530196,0.5840626300984095,0.1126654954303685
139.5564765,-30.05359409,-0.03197082268594732,0.17040143791776938,0.22363133419070674,0.10370706596451248
139.5665686,-30.05359409,-0.027548547127930353,0.23039019826447074,0.31803675026877576,0.09497619675527467
139.5766606,-30.05359409,-0.05516380441725377,0.19926424408934543,0.24373256171676438,0.08654198689017417
139.5867526,-30.05359409,-0.08966593335094164,0.21740873513744588,0.2364471693552272,0.07849999979425154
139.5968446,-30.05359409,0.19507723512662908,0.24944801377575657,0.569249255790264,0.07098366973113862
139.6069367,-30.05359409,0.008738620638273381,0.18198647565308057,0.28171833411789426,0.06417789020876932
139.6170287,-30.05359409,0.19160170122113118,0.267380306885559,0.5926721615494697,0.058332056939988386
139.4959244,-30.0441577,0.09912151881333174,0.298153523399303,0.5463518039122862,0.09749820245301592
139.5060164,-30.0441577,0.08117601357321937,0.29484697784522673,0.5234464803410595,0.10142777483100043
139.5161084,-30.0441577,0.1066812772744621,0.2979977422346969,0.5536778906265074,0.10617431168022456
139.5262004,-30.0441577,0.12864799915303268,0.2803249524043057,0.5491354277594913,0.11163365237403888
139.5362925,-30.0441577,0.10211839164481862,0.2878404898424803,0.5338791264085391,0.1177067201227645
139.5463845,-30.0441577,0.11051537287103885,0.2896039592217376,0.5449213117036452,0.10882743289798001
139.5564765,-30.0441577,0.03742407406506976,0.2477217087327133,0.4090066371641397,0.09952412683144576
139.5665686,-30.0441577,-0.010946566696913435,0.2001299978396456,0.28924843006255496,0.09039012247303688
139.5766606,-30.0441577,0.0023055039261164756,0.23080457120161102,0.348512360728533,0.08148258578060123
139.5867526,-30.0441577,-0.04132855216225814,0.1988317872291893,0.2569191286815258,0.07288447199706843
139.5968446,-30.0441577,-0.0029074476928089565,0.2215817391927925,0.3294651610963798,0.06471922171266682
139.6069367,-30.0441577,0.09534776300007411,0.2290952398687653,0.438990622803222,0.05717252733824883
139.6170287,-30.0441577,0.1009330409534454,0.23212443191476922,0.4491196888255992,0.05052252128946068
139.6271207,-30.0441577,0.051738131087050325,0.2542314331165547,0.4330852807618824,0.04516690559074733
139.6372127,-30.0441577,0.005491216981775515,0.2758141728803663,0.419212476302325,0.04160853868912153
139.5564765,-30.03472131,0.07458825015121823,0.29842015048804854,0.5222184758832911,0.096088703938704
139.5665686,-30.03472131,0.005645098822414818,0.23893074746827275,0.364041220024824,0.08659307965275755
139.5766606,-30.03472131,0.08156325873322462,0.2776549329272688,0.49804565812412777,0.07724894166622118
139.5867526,-30.03472131,0.008278627962073432,0.19374524901422735,0.2988965014834145,0.06811852509669933
139.5968446,-30.03472131,0.0930744065882296,0.1807970453808546,0.3642699746595115,0.059300631212083475
139.6069367,-30.03472131,0.273412441363902,0.23398261615696336,0.6243863655993471,0.05095767935553006
139.6170287,-30.03472131,0.1611963155264405,0.21551022231875056,0.48446164900456634,0.043364874731771245
139.6271207,-30.03472131,0.040310661391157326,0.23341308441768954,0.39043028801769164,0.03698697829914857
139.6372127,-30.03472131,0.02297804463231319,0.2582529190773487,0.41035742324833624,0.032546239335786986
139.6473048,-30.03472131,0.03769669516938595,0.2747379678020527,0.44980364687246494,0.030889734898059518
139.5665686,-30.02528492,0.04121897505290828,0.24311147123297744,0.40588618190237447,0.08369252988930025
139.5766606,-30.02528492,0.02875075849608011,0.22861210930508338,0.3716689224537052,0.07398295144203051
139.5867526,-30.02528492,-0.031223253309301535,0.22837724530831685,0.31134261465317375,0.06439108305403984
139.5968446,-30.02528492,0.06869848156738653,0.20986440378454524,0.38349508724420445,0.05497856834871322
139.6069367,-30.02528492,0.08733875301545693,0.2360239683290024,0.4413747055089605,0.04585589603119338
139.6170287,-30.02528492,0.025260950687452446,0.20197798076177398,0.3282279218301134,0.03723695041252457
139.6271207,-30.02528492,0.10473474003831741,0.252369548972986,0.48328906349779643,0.029565430475883305
139.6372127,-30.02528492,-0.013326784213920306,0.23084152696038443,0.33293550622665635,0.023776791424095254
139.6473048,-30.02528492,0.04884332754607868,0.25335416364593905,0.4288745730149872,0.02145352739283211
139.6573968,-30.02528492,-0.034843464967403065,0.25242151806434376,0.3437888121291126,0.0236404493018843
139.5766606,-30.01584853,0.01328600923888458,0.25629206428281637,0.3977241056631091,0.07181675383961929
139.5867526,-30.01584853,0.005477883285013682,0.2370158851848616,0.3610017110623061,0.06189006870943742
139.5968446,-30.01584853,-0.0020782768740254393,0.24206007838849777,0.3610118407087212,0.05202703148999333
139.6069367,-30.01584853,0.08428685690799083,0.2388765102258817,0.4426016222468134,0.042272121177086015
139.6170287,-30.01584853,-0.04580479292849887,0.2080240055871119,0.266231215452169,0.03272246176575718
139.6271207,-30.01584853,0.1631059828957022,0.20943314557678544,0.47725570126088035,0.02362802800089157
139.6372127,-30.01584853,-0.02289392429653586,0.24302578322113338,0.34164475053516424,0.015795722155430455
139.6473048,-30.01584853,0.04421698723332751,0.2550451120909725,0.4267846553697863,0.012017606483057459
139.6573968,-30.01584853,0.06933448481804588,0.269465263543241,0.4735323801329074,0.015589736084411073
139.6674888,-30.01584853,0.08388689371814882,0.25938764603783243,0.4729683627748975,0.02335281149630866
139.5665686,-30.00641214,-0.0043730755382566655,0.2748245629282064,0.4078637688540529,0.08093743588543507
139.5766606,-30.00641214,0.01735830633385678,0.2653220468336707,0.4153413765843628,0.07085129548929464
139.5867526,-30.00641214,0.06369582616238303,0.2226120332765252,0.3976138760771708,0.06076710084667325
139.5968446,-30.00641214,0.10733217305500993,0.25131580357928673,0.48430587842394,0.050686013318386264
139.6069367,-30.00641214,-0.0030798595610172508,0.24051118835924687,0.35768692297785304,0.04061024709677491
139.6170287,-30.00641214,0.24571929182005053,0.2265099961760077,0.5854842860840621,0.03054536698850273
139.6271207,-30.00641214,0.21099908794921998,0.22013139582044897,0.5411961816798935,0.020507160887401933
139.6372127,-30.00641214,0.13234997785938696,0.2177274092926581,0.4589410917983741,0.010571886249029928
139.6473048,-30.00641214,0.1488278093542971,0.2253136888566518,0.4867983426392748,0.0025851123829528527
139.6573968,-30.00641214,0.1774814517373173,0.2337208226219084,0.5280626856701799,0.010261569647595838
139.6674888,-30.00641214,0.12026826940056351,0.25756257065414384,0.5066121253817792,0.020189446382528602
139.5665686,-29.99697575,0.06869023515248052,0.30224978351960474,0.5220649104318876,0.081186325083871
139.5766606,-29.99697575,-0.03789356560520213,0.2458792872845263,0.3309253653215873,0.07113548288601414
139.5867526,-29.99697575,-0.021904099820738918,0.22885621103451836,0.3213802167310386,0.06109821108858118
139.5968446,-29.99697575,0.08001113714094492,0.2558048930334112,0.46371847669106175,0.05108250971738465
139.6069367,-29.99697575,0.12451452861904863,0.2279535636301722,0.4664448740643069,0.04110405116501514
139.6170287,-29.99697575,0.03859715369815164,0.2625615587939602,0.4324394918890919,0.031198882950794565
139.6271207,-29.99697575,0.03457339369097001,0.2582414033238298,0.42193549867671465,0.021468453614008978
139.6372127,-29.99697575,0.15823049815607693,0.22150644094322958,0.4904901595709213,0.012333516602230506
139.6473048,-29.99697575,0.24184937241658055,0.22469358076292203,0.5788897435609637,0.00685810899210297
139.6573968,-29.99697575,0.17561948745387426,0.22421147003049455,0.511936692499616,0.012068581712344149
139.6674888,-29.99697575,0.020644715041440595,0.21003369434790123,0.33569525656329247,0.021165174181850353
139.5665686,-29.98753936,0.07480759887774803,0.30306118259137177,0.5293993727648056,0.08252067102249759
139.5766606,-29.98753936,-0.009550528855966786,0.2558792073338823,0.3742682821448567,0.07265465360736162
139.5867526,-29.98753936,-0.035055542030866776,0.2396153156794923,0.32436743148837166,0.06286042605331368
139.5968446,-29.98753936,0.007675859908145968,0.21926756268121025,0.3365772039299613,0.05317766979105036
139.6069367,-29.98753936,0.12770523488393662,0.2537086931870717,0.5082682746645442,0.04368048520283945
139.6170287,-29.98753936,0.11746062168880886,0.2612125083612549,0.5092793842306913,0.03452263116792626
139.6271207,-29.98753936,-0.04714348274085425,0.2646968987618514,0.3499018654019228,0.02606407999443197
139.6372127,-29.98753936,0.05630955725569994,0.20961929902010595,0.3707385057858588,0.019249867458161606
139.6473048,-29.98753936,0.060094110265888914,0.23400634387912342,0.411103626084574,0.016293416594651267
139.6573968,-29.98753936,-0.01989371730094662,0.20982603373036382,0.2948453332945991,0.019081206196853
139.6674888,-29.98753936,-0.026040440455490033,0.22590887440005197,0.31282287114458796,0.025814847733956488
139.5362925,-29.97810297,0.02077838407691983,0.2893715917326225,0.4548357716758536,0.0836616873867554
139.5463845,-29.97810297,0.07737418373287845,0.29944460242921844,0.5265410873767061,0.07966114257026505
139.5564765,-29.97810297,0.11029691176220177,0.29879837639362167,0.5584944763526343,0.07678681047419182
139.5665686,-29.97810297,0.02733572029055012,0.28639958609853866,0.4569350994383581,0.07516798779912552
139.5766606,-29.97810297,-0.023518604661697362,0.2777350292851269,0.393083939265993,0.07488617289840442
139.5867526,-29.97810297,-0.055151309939548115,0.24511407298196558,0.31251979953340026,0.0659391070719619
139.5968446,-29.97810297,0.05769551304123126,0.22716948840044107,0.3984497456418929,0.056783776223931506
139.6069367,-29.97810297,0.18562973076849068,0.2523516698897109,0.5641572356030571,0.0480053899619513
139.6170287,-29.97810297,0.134680006675319,0.2585090624452895,0.5224436003432532,0.039854042964299265
139.6271207,-29.97810297,0.03548280756976545,0.25035166994168817,0.41101031248229775,0.03280044121349113
139.6372127,-29.97810297,0.046970210183165016,0.23185394310975946,0.39475112484780417,0.027696391010388476
139.6473048,-29.97810297,0.025109145076709735,0.21884878547273692,0.35338232328581515,0.02572951810995293
139.6573968,-29.97810297,0.031584003689284726,0.23698821033615386,0.38706631919351553,0.02757943269486085
139.6674888,-29.97810297,0.12833484496790556,0.21784754363755712,0.45510616042424124,0.03260274591765081
139.5362925,-29.96866658,0.0759035271393156,0.30244418484892166,0.5295698044126981,0.07533996829083384
139.5463845,-29.96866658,-0.005013268889423578,0.1990600529074127,0.2935768104716955,0.07087122491720285
139.5564765,-29.96866658,-0.012274543348945871,0.20466446410229655,0.294722152804499,0.06762430885757069
139.5665686,-29.96866658,0.005925901776112907,0.24867319593560036,0.37893569567951346,0.06578038670784889
139.5766606,-29.96866658,-0.05775275568664287,0.26873118076147384,0.3453440154555679,0.06545816814603339
139.5867526,-29.96866658,-0.04206607170492482,0.25157518491565134,0.3352967056685522,0.0666796911108232
139.5968446,-29.96866658,-0.06837886490990483,0.2596386288985274,0.3210790784378863,0.0616361974212967
139.6069367,-29.96866658,-0.03706681287420194,0.23163030792816164,0.3103786490180405,0.05365762812225814
139.6170287,-29.96866658,0.17833430980099496,0.25187154589766747,0.5561416286474962,0.046507723346856544
139.6271207,-29.96866658,0.04660153561489038,0.2641802920395362,0.4428719736741947,0.04062625424657336
139.6372127,-29.96866658,0.02643482931073149,0.2344400553766163,0.37809491237565596,0.03662940984110802
139.6473048,-29.96866658,0.07160217043744364,0.23465774010227583,0.4235887805908574,0.035165774447293616
139.6573968,-29.96866658,0.08174781713056543,0.23501588078594124,0.4342716383094773,0.036541054966679504
139.6674888,-29.96866658,0.2393244744113152,0.22561228415505358,0.5777429006438956,0.04046680901279998
139.5362925,-29.95923019,0.0766204827761343,0.302805997076437,0.5308294783907899,0.06731296026912069
139.5463845,-29.95923019,0.022043512772843887,0.2125807997706308,0.34091471242879007,0.06227081434663534
139.5564765,-29.95923019,-0.015110399969930952,0.2282163217028516,0.3272140825843464,0.05854887656131829
139.5665686,-29.95923019,-0.011276173774671272,0.2008105476050599,0.2899396476329186,0.0564090690719366
139.5766606,-29.95923019,-0.0843358837825032,0.2342975370133898,0.2671104217375815,0.0560329864915547
139.5867526,-29.95923019,-0.08376379887329882,0.2529263651313446,0.29562574882371806,0.05745524349233206
139.5968446,-29.95923019,-0.08727991062738927,0.22486986316885174,0.25002488412588836,0.06054924741367845
139.6069367,-29.95923019,-0.04045566526756583,0.19926498206553186,0.25844180783073195,0.06026487831630052
139.6170287,-29.95923019,0.06568773405163698,0.2720301093032968,0.47373289800658214,0.05399706319495261
139.6271207,-29.95923019,0.017278541209136855,0.2520518092365114,0.3953562550639039,0.04902251561149408
139.6372127,-29.95923019,-0.0037048211375011048,0.16934171856451355,0.25030775670926925,0.0457649229004029
139.6473048,-29.95923019,-0.00935998860052105,0.2280613158386069,0.3327319851573893,0.04460208734184858
139.6573968,-29.95923019,0.1315071215840768,0.233835436640945,0.4822602765454943,0.045694235969647785
139.6674888,-29.95923019,0.34221548168144,0.24382387301480057,0.7079512912036409,0.03702709704587579
139.5362925,-29.9497938,0.07524059184715404,0.3027042090221404,0.5292969053803647,0.059699659385836004
139.5463845,-29.9497938,-0.04460161852622613,0.2492362813949041,0.32925280356613007,0.0539506165857791
139.5564765,-29.9497938,-0.030920798916904732,0.21238133320982175,0.28765120089782786,0.04960832245888892
139.5665686,-29.9497938,-0.02264645156748192,0.23153434638886183,0.32465506801581084,0.04706376296212545
139.5766606,-29.9497938,-0.0647307578749341,0.2401962704308626,0.2955636477713598,0.04661234048785116
139.5867526,-29.9497938,-0.08409370174705738,0.20717190121065468,0.22666415006892465,0.04831272829551011
139.5968446,-29.9497938,0.010000491967709968,0.22846122101644983,0.3526923234923847,0.051954076576871844
139.6069367,-29.9497938,-0.013448880316601311,0.2491457891689462,0.360269803436818,0.057166738615615234
139.6170287,-29.9497938,0.018483683391467373,0.2618202689538684,0.41121408682226995,0.06202006327726465
139.6271207,-29.9497938,0.002184628721857179,0.2588609104322414,0.3904759943702193,0.05774090796060784
139.6372127,-29.9497938,0.09842042218773492,0.25567332972770296,0.4819304167792894,0.055002123443700125
139.6473048,-29.9497938,-0.0001282949741534395,0.23651314367401488,0.35464142053686887,0.05393003240489846
139.6573968,-29.9497938,0.03441512860046842,0.23891051383000095,0.39278089934546984,0.043933932981175525
139.6674888,-29.9497938,-0.06311108972173315,0.22678578418594134,0.2770675865571789,0.03399455055141908
139.5362925,-29.94035741,0.0804596449475553,0.30334442489205465,0.5354762822856373,0.052679739500513495
139.5463845,-29.94035741,0.004596154478788292,0.27563944961701453,0.41805532890431013,0.04606272520208578
139.5564765,-29.94035741,0.024052312909870407,0.2734565251703686,0.4342371006654233,0.04089121275093499
139.5665686,-29.94035741,0.02919730589535742,0.2418316783288885,0.39194482338869013,0.037763784333833074
139.5766606,-29.94035741,-0.035518284771377084,0.2526499911468224,0.3434567019488565,0.03719967619230702
139.5867526,-29.94035741,-0.03639157970670395,0.23610511815610502,0.31776609752745355,0.03930935433726822
139.5968446,-29.94035741,0.02189284521213991,0.22833126848890528,0.36438974794549783,0.043707341442972586
139.6069367,-29.94035741,0.010936720447961498,0.1860915374814272,0.29007402667010235,0.04979097937381026
139.6170287,-29.94035741,0.03547395185757384,0.2460602388835476,0.4045643101828953,0.0570231870295076
139.6271207,-29.94035741,0.0230484652690406,0.2553527578974829,0.40607760211526495,0.06502186569919137
139.6372127,-29.94035741,-0.02515097102413774,0.2642990063376555,0.3712975384823455,0.06366420058570733
139.6473048,-29.94035741,-0.04852117585644308,0.21565934381647023,0.27496783986826223,0.05358323300441946
139.6573968,-29.94035741,-0.06028823532546718,0.2302135824645588,0.28503213837137104,0.04350752729364117
139.6674888,-29.94035741,-0.03584285957206526,0.22331345280936862,0.2991273196419877,0.03344164964838751
139.5463845,-29.93092102,0.012207681385611027,0.2786164232222262,0.4301323162189503,0.038871212851722375
139.5564765,-29.93092102,0.037696020895753926,0.2779902067225903,0.4546813309796393,0.032577412662199975
139.5665686,-29.93092102,0.07427164162703469,0.26620836885710536,0.47358419491269277,0.028553457631840234
139.5766606,-29.93092102,-0.030288372509665276,0.24983290911048212,0.34446099115605794,0.02780310134379855
139.5867526,-29.93092102,0.011237071147157052,0.2710136818371783,0.4177575939029245,0.030568314869059213
139.5968446,-29.93092102,-0.0002739612926110496,0.24349300283969186,0.36496554296692674,0.03604896990946659
139.6069367,-29.93092102,-3.564113462536933e-05,0.2294806825270437,0.34418538265594023,0.04322427746676904
139.6170287,-29.93092102,0.018440435110660264,0.24641269471857996,0.3880594771885302,0.0513891077420424
139.6271207,-29.93092102,0.112910776226446,0.24173193812529453,0.47550868341438784,0.06014182865963354
139.6372127,-29.93092102,0.036830367430562505,0.24465500537929222,0.40381287549950085,0.0647606038629496
139.6473048,-29.93092102,-0.006785988025369977,0.24567522361621524,0.3617268473989529,0.05488140154626713
139.6573968,-29.93092102,-0.018142342307788703,0.24275631115832538,0.34599212442969934,0.04509667734638149
139.6674888,-29.93092102,0.1348862656923264,0.23276508885085495,0.4840338989686088,0.03548449390483401
139.5060164,-29.92148463,0.09527563485461378,0.30141908574915094,0.5474042634783401,0.05065410677408018
139.5161084,-29.92148463,0.10034467415642617,0.30080478844726777,0.5515518568273279,0.04494392281364521
139.5262004,-29.92148463,0.10571508406694752,0.30232772551187503,0.5592066723347601,0.0409606004677561
139.5362925,-29.92148463,0.004928016041874081,0.2642141309682204,0.40124921249420464,0.03923368384983415
139.5463845,-29.92148463,0.029314413227762584,0.2816275066017156,0.451755673130336,0.03283684876094523
139.5564765,-29.92148463,0.024765359142017315,0.26868682072720984,0.4277955902328321,0.02507140330632793
139.5665686,-29.92148463,0.12091196887744915,0.2773194947058449,0.5368912109362165,0.019559841275393286
139.5766606,-29.92148463,0.03115656202314987,0.268173962541264,0.4334175058350459,0.018447219094454764
139.5867526,-29.92148463,0.06455039907366997,0.2737443424390598,0.47516691273225975,0.022398868764275357
139.5968446,-29.92148463,0.005941181873650905,0.2595005816519638,0.39519205435159666,0.02944173363643709
139.6069367,-29.92148463,-0.02813704033699449,0.24283422153710138,0.3361142919686576,0.03788965044058234
139.6170287,-29.92148463,0.07181123692641883,0.23476768568333203,0.42396276545141687,0.0469907208128214
139.6271207,-29.92148463,0.046555245059315124,0.23752048055518435,0.40283596589209164,0.056429841418437474
139.6372127,-29.92148463,-0.008547339362830642,0.21005783418657675,0.3065394119170345,0.06606226676786417
139.6473048,-29.92148463,0.07352785944922133,0.23210110214859087,0.4216795126721077,0.05771364244806909
139.6573968,-29.92148463,0.06646249555293116,0.26429405007743734,0.46290357066908716,0.048503676114544016
139.6674888,-29.92148463,0.016655022070855605,0.2639518321027669,0.41258277022500595,0.03972462204506359
139.4959244,-29.91204824,0.08498897887909707,0.30409852991667896,0.5411367737541155,0.05162177337876727
139.5060164,-29.91204824,0.06915522843922077,0.2685252334959139,0.47194307868309165,0.04376332052723609
139.5161084,-29.91204824,0.05809762740836175,0.2523811465236203,0.43666934719379225,0.03700467387193931
139.5262004,-29.91204824,-0.012465377795870827,0.26174473140074045,0.3801517193052399,0.03204934447330913
139.5362925,-29.91204824,0.0002546883322768756,0.26549756472631525,0.39850103542174975,0.029810596084587544
139.5463845,-29.91204824,0.07004069880549285,0.2528885698284389,0.4493735535481512,0.028699076587910995
139.5564765,-29.91204824,0.013861278937537205,0.26752707898827954,0.4151518974199565,0.019337880550829287
139.5665686,-29.91204824,0.12241997297290755,0.2588013774229822,0.5106220391073808,0.011312194798895987
139.5766606,-29.91204824,0.30266085523571273,0.26290851045756053,0.6970236209220535,0.009256254791675033
139.5867526,-29.91204824,0.18135396098211715,0.2755690696533829,0.5947075654621915,0.015719022945743826
139.5968446,-29.91204824,0.049273453631340954,0.26322740175127896,0.44411455625825935,0.02474255524331515
139.6069367,-29.91204824,0.13429822650733145,0.2644295322988127,0.5309425249555505,0.03436573832989933
139.6170287,-29.91204824,0.16692711640877045,0.2505142504330357,0.542698492058324,0.044198486432887235
139.6271207,-29.91204824,-0.0060173479915832245,0.2314217768757231,0.34111531732200145,0.054126752747228356
139.6372127,-29.91204824,-0.07499935753809206,0.23163085514300044,0.2724469251764086,0.06410617326715143
139.6473048,-29.91204824,0.0026614127529337728,0.2097759355082197,0.31732531601526337,0.06186963492722854
139.6573968,-29.91204824,0.0907158021884831,0.25027246340486703,0.46612449729578365,0.0533815866945669
139.6674888,-29.91204824,0.0823314757039986,0.2436745504350657,0.4478433013565971,0.04555252789942756
139.5060164,-29.90261185,0.035457239540695885,0.26629036895478236,0.4348927929728694,0.03798300707583931
139.5161084,-29.90261185,0.17682658363965653,0.2278012507748788,0.5185284598019748,0.02994706148059009
139.5262004,-29.90261185,0.017138450002874284,0.21641569113628678,0.34176198670730445,0.02355081918155896
139.5362925,-29.90261185,0.3314485872217433,0.2299532718437319,0.6763784949873412,0.020399809848919703
139.5463845,-29.90261185,0.11675958118168477,0.2625536855301253,0.5105901094768727,0.02193997969624511
139.5564765,-29.90261185,0.08483099241400911,0.2669454686596543,0.48524919540349054,0.01724595306475834
139.5665686,-29.90261185,0.2448831622130953,0.2514901755730767,0.6221184255727104,0.007171821531652561
139.5766606,-29.90261185,0.30697276569010956,0.27143902161918376,0.7141312981188852,0.0030244876726667085
139.5867526,-29.90261185,0.25860690785292184,0.24389946920174457,0.6244561116555387,0.013059745605582321
139.5968446,-29.90261185,0.10472384446251518,0.2404204055079911,0.4653544527245018,0.02314440132909486
139.6069367,-29.90261185,0.23753148467739282,0.2609439230018862,0.6289473691802221,0.033233616172075195
139.6170287,-29.90261185,0.290901617551081,0.23282145473616636,0.6401337996553306,0.0433240750146131
139.6271207,-29.90261185,0.1791566644187141,0.24166439637317652,0.5416532589784789,0.05341511617391933
139.6372127,-29.90261185,0.15875112762910426,0.2192875481994274,0.48768244992824533,0.06350646206388565
139.6473048,-29.90261185,0.10253992533936898,0.21264580089550456,0.4215086266826258,0.06710387350889596
139.6573968,-29.90261185,-0.024635994201329503,0.21856161542858324,0.30320642894154537,0.05936894737064937
139.6674888,-29.90261185,-0.0727552156943134,0.22360916754110005,0.26265853561733665,0.05244149990129477
139.5161084,-29.89317546,0.08921832910899023,0.2768493325835558,0.504492327984324,0.024543797724479042
139.5262004,-29.89317546,0.327722764023164,0.26283644451752647,0.7219774307994538,0.016131106581396864
139.5362925,-29.89317546,0.27211668689744,0.24442270149090914,0.6387507391338036,0.01103284901056754
139.5463845,-29.89317546,0.34506768605282234,0.2512138455327543,0.7218884543519537,0.013672389128808008
139.5564765,-29.89317546,0.1653862321822979,0.2599910301788812,0.5553727774506196,0.01997456088352878
139.5665686,-29.89317546,0.010417528136705392,0.24190928791010172,0.37328146000185797,0.012369123229227922
139.5766606,-29.89317546,0.15661147189071867,0.2535960143372299,0.5370054933965636,0.010521773189917342
139.5867526,-29.89317546,0.1456803371665326,0.223555393947699,0.4810134280880811,0.016495973468106613
139.5968446,-29.89317546,-0.003760733378449968,0.22658966804164654,0.33612376868401983,0.025243286201684565
139.6069367,-29.89317546,-0.05387111755134685,0.23598956199189605,0.3001132254364972,0.03472799201293919
139.6170287,-29.89317546,0.057119270353519394,0.23597258887886882,0.4110781536718226,0.04448073359612871
139.6271207,-29.89317546,-0.009716370601724714,0.2197152624592001,0.31985652308707546,0.054357472542891916
139.6372127,-29.89317546,-0.0026166115072512874,0.2324021549872084,0.3459866209735613,0.0643010957080025
139.6473048,-29.89317546,0.042364802872649675,0.24407432771311616,0.4084762944423239,0.07318537330800143
139.6573968,-29.89317546,0.005274843321636552,0.22834058505624855,0.34778572090600934,0.06616525476587053
139.6674888,-29.89317546,-0.013090119450013482,0.2516555250230696,0.3643931680845909,0.06002732659573569
139.5262004,-29.88373907,0.10616957196228477,0.294479955961354,0.5478895059043158,0.011994791678997179
139.5362925,-29.88373907,0.4892372424971535,0.2581471201721337,0.8764579227553541,0.0023208156264847616
139.5463845,-29.88373907,0.44260660391418205,0.2601756882461215,0.8328701362833643,0.00840218140554595
139.5564765,-29.88373907,0.3394984294889145,0.25492093752195716,0.7218798357718502,0.01842563560835141
139.5665686,-29.88373907,0.10095053185212957,0.2581881914925251,0.4882328190909172,0.020800151617281114
139.5766606,-29.88373907,0.02429137667087443,0.24080108018693394,0.38549299695127537,0.019757500067116785
139.5867526,-29.88373907,0.08944820564813756,0.2485395287693185,0.4622574988021153,0.02348974751891841
139.5968446,-29.88373907,0.05661813021738407,0.2693970379629619,0.4607136871618269,0.030279937187884236
139.6069367,-29.88373907,0.02668975114117801,0.2509909501437697,0.40317617635683256,0.03854457843968234
139.6170287,-29.88373907,-0.041677809397856314,0.24275428420905037,0.3224536169157192,0.04752038256466197
139.6271207,-29.88373907,0.005200040820285953,0.2603200770014571,0.3956801563224716,0.05687166182813111
139.6372127,-29.88373907,-0.004266178432463727,0.25386550489841003,0.37653207891515134,0.06644006326827025
139.6473048,-29.88373907,0.01679812614948817,0.22824230827726102,0.3591615885653797,0.07614387527636708
139.6573968,-29.88373907,-0.036973979035887755,0.24051234049840461,0.3237945317117191,0.07354658983957034
139.6674888,-29.88373907,0.05876542574250093,0.2642417153041404,0.45512799869871157,0.06807745498348595
139.5362925,-29.87430267,0.05312403467189504,0.27713180252417025,0.4688217384581504,0.008193880968391664
139.5463845,-29.87430267,0.2966571733767449,0.2714108024198475,0.7037733770065162,0.011504353633461436
139.5564765,-29.87430267,0.2568913173891551,0.25129008902725214,0.6338264509300333,0.020031414022074992
139.5665686,-29.87430267,-0.02084901282691899,0.24496039066107497,0.34659157316469347,0.02956125104074711
139.5766606,-29.87430267,-0.05741485808392166,0.23451570725341842,0.29435870279620596,0.029122180527121254
139.5867526,-29.87430267,0.0712562270340874,0.2655986714589403,0.46965423422249786,0.03177280013241915
139.5968446,-29.87430267,0.00978347313213404,0.26264265725155705,0.4037474590094696,0.037075830211262095
139.6069367,-29.87430267,0.02599680982578581,0.2678652456009919,0.4277946782272737,0.04408431826449112
139.6170287,-29.87430267,0.026056163871838622,0.25444968024287384,0.4077306842361494,0.052114579043142525
139.6271207,-29.87430267,0.028031238728764854,0.242773046501653,0.3921908084812443,0.060762887594694066
139.6372127,-29.87430267,0.07506735720713638,0.26447660706366033,0.47178226780262683,0.06979988966211818
139.6473048,-29.87430267,-0.00259144163898678,0.24980662149431043,0.37211849060247887,0.0790925554768277
139.6573968,-29.87430267,0.07661266440544562,0.23641751594545105,0.4312389383236222,0.0813538757788358
139.6674888,-29.87430267,0.005082882001983952,0.25721414317876073,0.39090409677012505,0.07644535371254953
139.5564765,-29.86486628,0.08600993140479674,0.272202292580642,0.4943133702757597,0.02531999188905954
139.5665686,-29.86486628,0.09551643558926001,0.2859574263149214,0.5244525750616421,0.033372323932149686
139.5766606,-29.86486628,0.05268545282348571,0.266944180581375,0.45310172369554813,0.03852187054326932
139.5867526,-29.86486628,0.015342727077068546,0.2388030072703451,0.37354723798258616,0.040562839394608634
139.5968446,-29.86486628,0.06979265400390744,0.2484765770824668,0.4425075196276076,0.04483804519994706
139.6069367,-29.86486628,0.154816828894408,0.26612502133293764,0.5540043608938146,0.05078641775458381
139.6170287,-29.86486628,0.09552381080201208,0.2709822271068261,0.5019971514622513,0.057894407850345185
139.6271207,-29.86486628,-0.02918961095551123,0.23516794495606658,0.32356230647858863,0.06578724511897109
139.6372127,-29.86486628,0.12692285643809115,0.25310816508923917,0.5065851040719499,0.07421494262169873
139.6473048,-29.86486628,-0.025882746931563838,0.24354689253354497,0.3394375918687536,0.08301485073981177
139.6573968,-29.86486628,0.01631912435211734,0.248514083074979,0.3890902489645858,0.08947566740009145
139.6674888,-29.86486628,0.17832084725489644,0.272533386208742,0.5871209265680095,0.08503725099443392
139.6775809,-30.01584853,0.030157484724486913,0.2689150450878184,0.4335300523562145,0.032424846793360294
139.6775809,-30.00641214,0.06544932979733073,0.2353690962435792,0.41850297416269955,0.030226323461905836
139.6876729,-30.00641214,-0.011418749680593088,0.2624466121637521,0.38225116856503505,0.040290699150338095
139.6775809,-29.99697575,0.10360062684764533,0.2361520046626435,0.45782863384161054,0.030886590665510923
139.6876729,-29.99697575,0.010025363452319011,0.21379717785894112,0.3307211302407307,0.04078837200646923
139.6977649,-29.99697575,0.010960616402048998,0.25785045611900714,0.3977363005805597,0.050765126090060224
139.6775809,-29.98753936,0.1497418740148252,0.23974268412341213,0.5093559001999434,0.03424066658694191
139.6876729,-29.98753936,0.06663303557424893,0.2553403165424356,0.44964351038790235,0.043383557441932036
139.6977649,-29.98753936,0.07136391109425459,0.24997487489557996,0.44632622343762457,0.04454412074779795
139.7078569,-29.98753936,0.0018303402475125519,0.25523876959080655,0.3846884946337224,0.04499341533596003
139.6775809,-29.97810297,0.05868426035449415,0.2470132126048422,0.42920407926175747,0.03961004829789606
139.6876729,-29.97810297,0.022532163465833352,0.2425433670068044,0.38634721397603994,0.0373898075008471
139.6977649,-29.97810297,0.13915302398382723,0.23353940315269323,0.4894621287128671,0.03513587208751222
139.7078569,-29.97810297,0.06527120996057839,0.22721927847731554,0.40610012767655174,0.035703756633578776
139.717949,-29.97810297,0.03313823860526267,0.2296556419487099,0.3776217015283275,0.03897033900776109
139.728041,-29.97810297,-0.03906867537429681,0.258632572203493,0.3488801829309427,0.04434311589388988
139.6775809,-29.96866658,0.039423987610939765,0.21620924862712743,0.36373786055163093,0.03454858256383449
139.6876729,-29.96866658,0.19129332470470906,0.23317593242904733,0.54105722334828,0.02874785959981099
139.6977649,-29.96866658,0.07436784555166005,0.24491396298242424,0.4417387900252964,0.0257482277830934
139.7078569,-29.96866658,0.05403219240488746,0.22526164424168366,0.3919246587674129,0.026517917798535073
139.717949,-29.96866658,0.10080872776036164,0.24076026497508005,0.4619491252229817,0.030775461799944913
139.728041,-29.96866658,-0.09398967192751767,0.2252224309637,0.24384397451803236,0.03734640081452284
139.738133,-29.96866658,0.0840448763842554,0.30397681233954743,0.5400100948935765,0.045233562612286816
139.6775809,-29.95923019,0.13210458985903217,0.23316297717550383,0.4818490556222879,0.028286696453529655
139.6876729,-29.95923019,0.2454248122888473,0.24684996227969533,0.6156997557083903,0.020807980936517697
139.6977649,-29.95923019,0.12420902325563377,0.26424461606561267,0.5205759473540528,0.01641657312151662
139.7078569,-29.95923019,0.11843597211842495,0.2349677269942252,0.4708875626097627,0.017599221671821232
139.717949,-29.95923019,0.0363807683384909,0.2091799279235921,0.3501506602238791,0.023530016746358417
139.728041,-29.95923019,-0.10173118956900568,0.2278269230937947,0.2400091950716864,0.03164310814194825
139.6775809,-29.9497938,-0.06673844591221836,0.23938970093084655,0.2923461054840515,0.02418182680862657
139.6876729,-29.9497938,0.21936795035981677,0.24071757408230338,0.5804443114832718,0.014751122743803856
139.6977649,-29.9497938,0.20449181496680321,0.25867042668100215,0.5924974549883064,0.007357134265621734
139.7078569,-29.9497938,0.21258920318184127,0.24722341719547947,0.5834243289750605,0.009713709641644927
139.717949,-29.9497938,0.26590214504930154,0.27281883546001384,0.6751303982393223,0.018392532170209492
139.728041,-29.9497938,-0.041706437191202816,0.23598295468448563,0.31226799483552564,0.028034083620323936
139.6775809,-29.94035741,0.025619239091497673,0.2255971094267803,0.3640149032316681,0.023398188216503416
139.6876729,-29.94035741,0.2904900476631743,0.2675826200081127,0.6918639776753435,0.013427959123235222
139.6977649,-29.94035741,0.24981484496369405,0.25320595553798364,0.6296237782706695,0.0041038870129298305
139.7078569,-29.94035741,0.271792245086906,0.2265572451401154,0.6116281127970791,0.007554509846091558
139.717949,-29.94035741,0.1214132072167583,0.2319613306088319,0.4693552031300061,0.017349343032077608
139.728041,-29.94035741,0.037265087473161346,0.27041915433971153,0.4428938189827286,0.027360999770546096
139.6775809,-29.93092102,0.10385592379746501,0.25754472953932095,0.4901730181064464,0.02623510221614593
139.6876729,-29.93092102,0.002130183341306907,0.2511743899498528,0.37889176826608606,0.017919694826976876
139.6977649,-29.93092102,0.013940879443361129,0.22806654300770582,0.3560406939549199,0.012555766208861962
139.7078569,-29.93092102,0.07174214187726567,0.23559985574491002,0.4251419254946307,0.014066840281008384
139.717949,-29.93092102,0.14829132937070658,0.24311343763107388,0.5129614858173174,0.021019159833861236
139.6775809,-29.92148463,0.18279112243624002,0.23791416849475527,0.5396623751783729,0.03173605012021149
139.6876729,-29.92148463,-0.05668737312158517,0.2377833467724408,0.29998764703707603,0.025298453542320173
139.6977649,-29.92148463,0.038141617383852175,0.22114316442860008,0.3698563640267523,0.021829877554227148
139.7078569,-29.92148463,0.03705763618318878,0.23361861346154872,0.38748555637551185,0.022732625990684634
139.6775809,-29.91204824,0.03577188066406083,0.23673529283279834,0.39087481991325834,0.03878355422904855
139.6876729,-29.91204824,0.08660946489845474,0.2608061453967345,0.4778186829935565,0.033719415075560054
139.6977649,-29.91204824,0.01884311763867308,0.2324108817304709,0.36745944023437943,0.03120145438016511
139.7078569,-29.91204824,0.060112169244756666,0.28665599184141516,0.4900961570068794,0.031839589913146255
139.6775809,-29.90261185,-0.047776727232868965,0.23916898763088984,0.3109767542134658,0.04668235418771125
139.6876729,-29.90261185,0.022611811212151556,0.2653383814189055,0.4206193833405098,0.04256849852775264
139.6977649,-29.90261185,0.03729342361034612,0.2667697429589166,0.43744803804872096,0.040603064777266475
139.6775809,-29.89317546,-0.0609344380006169,0.22750809040049033,0.28032769760011855,0.05506733350036608
139.6876729,-29.89317546,-0.017312674846671136,0.21998138594877395,0.3126594040764898,0.05162602147406767
139.6775809,-29.88373907,-0.06602554114564038,0.22989056831528734,0.2788103113272906,0.06374693057424788
139.6775809,-29.87430267,0.03176412306686766,0.27685498374499334,0.44704659868435764,0.07261558637679814
139.5665686,-29.85542989,0.01419395813813272,0.2680420785694504,0.4162570759923083,0.03913626653929691
139.5766606,-29.85542989,0.017859808777288835,0.27825443739504413,0.435241464869855,0.04698883514446585
139.5867526,-29.85542989,0.020705602026203238,0.2514080527257262,0.39781768111479254,0.049591006883460485
139.5968446,-29.85542989,0.0035556496287831585,0.26274219911147395,0.3976689482959941,0.0531448428477788
139.6069367,-29.85542989,0.05378393718734091,0.27597126801698213,0.4677408392128141,0.05825104507479429
139.6170287,-29.85542989,0.03947218782084661,0.2571437545655237,0.4251878196691321,0.06454212953028991
139.6271207,-29.85542989,-0.04872678187328858,0.26449581978644315,0.34801694780637615,0.07170694279012456
139.6372127,-29.85542989,-0.03362592866091471,0.24267505133237954,0.33038664833765463,0.0795096329528985
139.6473048,-29.85542989,-0.05154416411368956,0.2633203795234643,0.3434364051715069,0.08778034784230374
139.6573968,-29.85542989,0.023244114143195035,0.26884829374110586,0.42651655475485384,0.09639855512254117
139.5766606,-29.8459935,0.019406614143533382,0.26017851035593814,0.4096743796774406,0.05295259101026685
139.5867526,-29.8459935,0.15798570864152983,0.27293993069683786,0.5673956046867866,0.05874762037855048
139.5968446,-29.8459935,-0.04714693670725634,0.25794125705563153,0.33976494887619096,0.061776931436758505
139.6069367,-29.8459935,-0.05818378418961112,0.2569030743395393,0.3271708273196978,0.06622083651489591
139.6170287,-29.8459935,-0.05825508040621635,0.2483771990473045,0.3143107181647404,0.07181713876736928
139.6271207,-29.8459935,-0.07625085654147226,0.25802877885992925,0.3107923117484216,0.07831922229397488
139.6372127,-29.8459935,-0.037792883563248225,0.26070073328653,0.35325821636654675,0.0855207382377602
139.6473048,-29.8459935,-0.0026132129200519827,0.28102032130773835,0.4189172690415556,0.09325987563653884
139.6573968,-29.8459935,0.029857465274616066,0.2779409356243253,0.44676886871110405,0.10141349203207857
139.5968446,-29.83655711,0.04520149401571547,0.2878857126937869,0.47703006305639584,0.07061511953280676
139.6069367,-29.83655711,-0.015683204859545302,0.23248437233765232,0.33304335364693316,0.07453391870566847
139.6170287,-29.83655711,-0.009278550777555683,0.23059865007294258,0.3366194243318582,0.07954751579793175
139.6271207,-29.83655711,-0.018919036564734787,0.22920861154934447,0.32489388075928194,0.08546348009309987
139.6372127,-29.83655711,0.01692390617030906,0.281403816867453,0.43902963147148855,0.09210810234513642
139.6473048,-29.83655711,0.04101408951483114,0.2847631147215936,0.46815876159722153,0.09933534241463768
139.5968446,-29.82712072,0.03002348802292487,0.26077501360101135,0.42118600842444187,0.07959077753099203
139.6069367,-29.82712072,0.044844450581724975,0.27989615863952716,0.4646886885410157,0.08308731430837367
139.6170287,-29.82712072,0.021380993206053064,0.2575526150071887,0.40770991571683607,0.08761280745974004
139.6271207,-29.82712072,0.020709779868298195,0.24515153208711027,0.3884370779989636,0.09301721986266283
139.6372127,-29.82712072,0.03307823693638271,0.28854985611207007,0.46590302110448784,0.09915694266654959
139.6170287,-29.81768433,0.08482314620818927,0.29775572121441923,0.5314567280298181,0.0959285760594673
139.6271207,-29.81768433,0.07916513552821042,0.29876794953304925,0.5273170598277843,0.10088850709966164
